label,area,perimeter,eccentricity,solidity,extent,major_axis_length,minor_axis_length,equivalent_diameter,centroid-0,centroid-1,bbox-0,bbox-1,bbox-2,bbox-3,circularity
1,659,"149,083261120685","0,935436850877876","0,819651741293532","0,578070175438597","53,9552727102946","19,0728567753249","28,9666163018823","6,72837632776935","88,4779969650986",0,58,19,118,"0,372595418389799"
2,1103,"148,468037431535","0,780695448744755","0,853715170278638","0,70344387755102","49,4998088933648","30,9330090722265","37,4751013053052","14,0054397098821","140,634632819583",0,118,32,167,"0,628810001923401"
3,321,"70,2842712474619","0,635553168010235","0,933139534883721","0,727891156462585","23,2581157661866","17,9565934847929","20,2165747311454","9,12461059190031","242,573208722741",0,232,21,253,"0,816579746780849"
4,525,"145,704581464245","0,956096935201657","0,747863247863248","0,502392344497608","54,8504157623262","16,0739469066562","25,8544147291321","5,13333333333333","354,398095238095",0,325,19,380,"0,310758310725377"
5,680,"100,526911934581","0,750829399902627","0,975609756097561","0,84472049689441","36,7179896839291","24,2520921583129","29,4245287204385","10,3014705882353","410,639705882353",0,395,23,430,"0,84557881407338"
6,874,"235,78174593052","0,98984348686896","0,628324946081955","0,464893617021277","112,83898466658","16,0413511514492","33,3588273489721","5,2254004576659","490,224256292906",0,450,20,544,"0,197560873698048"
7,328,"72,0416305603426","0,80746588669551","0,950724637681159","0,809876543209877","26,9301310259724","15,8864684909993","20,4358158798012","7,61890243902439","875,100609756098",0,862,15,889,"0,794175783099721"
8,311,"88,8050865276332","0,941002639438166","0,81413612565445","0,554367201426025","37,3268866146077","12,6313893415426","19,8991833604456","6,18971061093248","933,514469453376",0,916,17,949,"0,495558088992828"
9,596,"108,526911934581","0,75488203402438","0,868804664723032","0,630687830687831","35,6700451486886","23,3945768889618","27,5472461175733","8,85402684563758","996,993288590604",0,979,27,1014,"0,635888883145439"
10,956,"136,325901807805","0,669633880098308","0,880294659300184","0,685304659498208","42,0560287279308","31,2346494667691","34,88863718701","14,1066945606695","1074,42468619247",0,1049,31,1094,"0,646414363136812"
11,340,"88,5269119345812","0,89146098332207","0,858585858585859","0,523076923076923","32,8681211180161","14,8924624458427","20,8062837914404","9,98823529411765","1253,64705882353",0,1242,26,1267,"0,5451777851068"
12,182,"68,5269119345812","0,932797994649852","0,755186721991701","0,395652173913043","27,4490679211863","9,89263422245851","15,2226672151039","8,26373626373626","640,252747252747",0,631,20,654,"0,487033606012401"
13,411,"93,8761543394987","0,283568492794316","0,812252964426877","0,524904214559387","24,9801398930176","23,9547547406617","22,87578310979","13,0997566909976","789,377128953771",0,777,29,804,"0,586058683650753"
14,421,"88,6690475583121","0,86684023630745","0,866255144032922","0,6578125","33,5475982037895","16,7263629770962","23,1524048067043","13,3847980997625","1166,8242280285",4,1151,24,1183,"0,67289588563992"
15,269,"92,118795026618","0,933882756765423","0,788856304985337","0,449832775919732","33,0786550403786","11,8282442027088","18,5067943613625","11,8550185873606","579,527881040892",0,568,26,591,"0,39835075724159"
16,253,"74,6690475583121","0,809448879239419","0,813504823151125","0,540598290598291","24,724958930473","14,518257388439","17,9479693786789","14,1304347826087","219,632411067194",1,212,27,230,"0,570228818043152"
17,369,"104,426406871193","0,669818325564137","0,75","0,465909090909091","30,3702159186964","22,5506452931226","21,6754559815307","6,86991869918699","305,528455284553",0,289,22,325,"0,425221837912698"
18,298,"84,5624458405139","0,850830702966235","0,766066838046273","0,591269841269841","29,2212357182252","15,3540039071384","19,4788445327509","10,3859060402685","697,96644295302",0,689,24,710,"0,523686111787771"
19,322,"77,5979797464467","0,596663617906479","0,882191780821918","0,636363636363636","23,5830052169218","18,9251600481184","20,2480402361493","16,916149068323","442,726708074534",5,430,27,453,"0,671993243519288"
20,578,"135,053823869162","0,885699948945067","0,688915375446961","0,407329105003524","48,0143290673942","22,2910420658813","27,1280750672974","14,2681660899654","833,510380622837",0,814,33,857,"0,398220792308271"
21,377,"98,7695526217005","0,926567549657945","0,891252955082742","0,523611111111111","38,4725434574683","14,4706163493142","21,9091603756318","26,9681697612732","6,24668435013263",12,0,52,18,"0,485629478187089"
22,838,"125,497474683058","0,517760235986617","0,918859649122807","0,76951331496786","36,2742208256284","31,0335305948121","32,664579263907","16,9498806682578","40,3532219570406",0,24,33,57,"0,668626998481663"
23,152,"48,420310216783","0,777578125013089","0,899408284023669","0,678571428571429","17,8795578940013","11,242421742408","13,9115926766041","19,5065789473684","722,703947368421",13,715,27,731,"0,814701126667225"
24,233,"55,698484809835","0,648267601702717","0,966804979253112","0,728125","19,9098981582468","15,1596469189828","17,2239604598737","19,9055793991416","902,875536480687",12,893,28,913,"0,94379793543059"
25,652,"125,639610306789","0,414894189782215","0,79126213592233","0,618595825426945","32,5214864668604","29,5903140683501","28,8123616381463","18,521472392638","1224,36196319018",4,1205,35,1239,"0,519044147348666"
26,305,"77,6335136523794","0,905216066806306","0,873925501432665","0,533216783216783","31,0821604362887","13,2084141765159","19,7062949623775","23,0032786885246","676,885245901639",13,664,35,690,"0,63593278940339"
27,773,"124,053823869162","0,644080446972885","0,866591928251121","0,565058479532164","36,9612913462031","28,2738267132465","31,372187811504","18,4747736093144","198,536869340233",0,179,38,215,"0,63120298888534"
28,497,"104,325901807805","0,75247098897593","0,825581395348837","0,537878787878788","33,647095275914","22,1608314118656","25,1555173616719","25,7122736418511","1188,40442655936",10,1172,38,1205,"0,573828293162485"
29,1200,"156,953318805774","0,775812209033399","0,883652430044183","0,680272108843537","50,7429034457118","32,0169391782478","39,0882009522336","20,4158333333333","1302,62583333333",0,1283,42,1325,"0,612139075564324"
30,813,"120,083261120685","0,643064784774809","0,912457912457912","0,747242647058823","38,3775920816352","29,3900121090561","32,1736499308003","29,5547355473555","871,339483394834",15,857,49,889,"0,708492834731117"
31,167,"56,1126983722081","0,780589219930841","0,822660098522167","0,568027210884354","19,9133535445407","12,4467296046093","14,5818724439206","26,9820359281437","1277,98203592814",17,1271,38,1285,"0,666505945225354"
32,209,"61,1837661840736","0,551300310301288","0,853061224489796","0,5225","18,5462482929116","15,4732625250273","16,312788383647","26,5645933014354","1130,81818181818",17,1122,37,1142,"0,701590560075166"
33,694,"119,053823869162","0,815411601563627","0,878481012658228","0,590136054421769","40,093109343218","23,2091637432749","29,7258850843201","25,5518731988473","279,600864553314",13,257,41,299,"0,615293938193061"
34,307,"69,4558441227157","0,739860117980058","0,944615384615385","0,799479166666667","24,5098850709605","16,4892882817125","19,7708001920432","29,7491856677524","406,625407166124",23,395,39,419,"0,799706547658714"
35,1166,"151,438600180013","0,802711594749267","0,887366818873668","0,660997732426304","50,9280333586085","30,371819689706","38,5304724751877","31,1466552315609","599,921097770154",7,583,56,619,"0,638903461780516"
36,505,"90,8050865276332","0,560818781898914","0,906642728904847","0,725574712643678","28,2844527943536","23,4177897102546","25,3571680219077","29,2138613861386","555,718811881188",14,544,43,568,"0,769628052235163"
37,743,"116,325901807805","0,698596812512781","0,873090481786134","0,665770609318996","37,8158119572435","27,0578012601968","30,7573890591875","27,4751009421265","934,936742934051",13,917,44,953,"0,689994806187228"
38,203,"58,4264068711929","0,775082587158731","0,918552036199095","0,604166666666667","20,693988011234","13,0757020117831","16,0769284249585","32,3448275862069","84,743842364532",22,77,43,93,"0,7472872017624"
39,262,"67,7340187157677","0,743190235012005","0,870431893687708","0,661616161616162","22,9328373734019","15,3439067402986","18,2644124110417","32,6564885496183","502,213740458015",24,491,42,513,"0,717624849000501"
40,793,"115,39696961967","0,82298190969767","0,95083932853717","0,704888888888889","42,5065206885642","24,1465763740722","31,7754458501369","34,9697351828499","353,110970996217",23,331,48,376,"0,74833187274479"
41,483,"96,9116882454314","0,641325282359393","0,867145421903052","0,616858237547893","29,1054318589898","22,3316987046593","24,7986834349544","34,1739130434783","637,209109730849",20,622,47,651,"0,646256131054917"
42,447,"99,8406204335659","0,784269655456966","0,778745644599303","0,634943181818182","31,9028147881715","19,7931477223008","23,8566149421207","34,9328859060403","1037,47874720358",24,1022,46,1054,"0,563511579663354"
43,195,"59,1126983722081","0,889380076455086","0,878378378378378","0,553977272727273","24,1930479892573","11,0603005766051","15,7569575497098","35,3846153846154","101,266666666667",27,90,43,112,"0,701266199108111"
44,682,"103,497474683058","0,376106774032785","0,930422919508868","0,688888888888889","31,572781489003","29,2545919865194","29,4677683157273","35,6510263929619","473,892961876833",18,458,51,488,"0,800082428011357"
45,784,"120,361435713737","0,543849269926786","0,882882882882883","0,64","35,6805653312633","29,9425209675085","31,5946166786744","37,2385204081633","528,936224489796",21,512,56,547,"0,680066226900891"
46,205,"56,0416305603426","0,800277052782929","0,919282511210762","0,683333333333333","21,1701095798583","12,6942416670363","16,1559310060024","39,419512195122","1171,18536585366",32,1162,47,1182,"0,820242370419313"
47,349,"73,2842712474619","0,683241465500414","0,911227154046997","0,765350877192982","25,0146946574163","18,2655426472781","21,079862454783","39,2206303724928","1145,19197707736",27,1136,51,1155,"0,816608213882699"
48,371,"90,2253967444162","0,800380654238657","0,820796460176991","0,572530864197531","29,4394152133994","17,6486975944541","21,7341176746779","41,0862533692722","217,88679245283",28,206,55,230,"0,572698667651934"
49,842,"145,367532368147","0,691831714330625","0,794339622641509","0,604017216642755","40,8360975280755","29,4860626839212","32,7424448791932","42,4738717339667","752,975059382423",24,739,65,773,"0,500710984447426"
50,1425,"161,39696961967","0,823237818173164","0,899621212121212","0,713213213213213","57,6300610877416","32,7163930405156","42,5953794588991","44,9185964912281","705,528421052632",25,679,62,733,"0,687438697653943"
51,438,"82,1837661840736","0,644188375533316","0,929936305732484","0,711038961038961","27,3155084035358","20,8927275579963","23,6152264565471","46,216894977169","1063,71917808219",36,1050,58,1078,"0,814914218695966"
52,247,"80,9116882454314","0,914665010267434","0,834459459459459","0,633333333333333","29,2199824410645","11,8110884356515","17,7338706307897","47,0526315789474","1318,73684210526",41,1305,54,1335,"0,474115650311899"
53,740,"117,533008588991","0,768890078208875","0,903540903540904","0,654288240495137","39,2646543322931","25,1050734748131","30,6952319278422","47,0189189189189","130,145945945946",33,110,62,149,"0,673165541958386"
54,478,"116,225396744416","0,627511836812892","0,756329113924051","0,499477533960293","30,5662491169344","23,7990961977043","24,6699919412919","48,9958158995816","789,474895397489",34,772,63,805,"0,444667804265607"
55,1559,"172,40916292849","0,77035286501629","0,890348372358652","0,601466049382716","57,265780581095","36,5136812307751","44,5531194221249","52,4534958306607","1364,32071840924",29,1340,83,1388,"0,659075689440534"
56,912,"137,39696961967","0,678650043720666","0,872727272727273","0,635540069686411","42,5127720410662","31,2240065697582","34,0763035671193","44,4166666666667","433,172149122807",27,410,62,451,"0,607086246389622"
57,184,"59,556349186104","0,931057616160672","0,906403940886699","0,736","25,9036499651618","9,45152150434119","15,3060797146516","52,4673913043478","735,755434782609",40,731,65,741,"0,651885846469941"
58,475,"86,0832611206852","0,537968890873152","0,924124513618677","0,638440860215054","27,5012657566322","23,1825960262088","24,5924537968297","51,9810526315789","240,332631578947",42,225,66,256,"0,805500939571723"
59,822,"135,296464556282","0,657375136658035","0,846549948506694","0,634749034749035","38,910172527018","29,3212853089618","32,3512427237703","52,1240875912409","820,30900243309",34,805,71,840,"0,564298356292811"
60,340,"85,254833995939","0,605019111338326","0,821256038647343","0,643939393939394","24,9263059148788","19,8465976814124","20,8062837914404","50,8088235294118","1235,9",38,1225,62,1247,"0,587828657673995"
61,298,"74,1837661840736","0,866263274425489","0,900302114803625","0,620833333333333","28,0649676942165","14,0209146099726","19,4788445327509","53,9899328859061","1187,47315436242",40,1180,70,1196,"0,680469042754935"
62,473,"87,1126983722081","0,728485718259318","0,944111776447106","0,726574500768049","30,5746495006716","20,9454996172818","24,5406255963399","55,4397463002114","915,503171247357",41,904,72,925,"0,783263829728941"
63,509,"96,1837661840736","0,826189013134752","0,879101899827288","0,68048128342246","35,0420233247022","19,7424319570676","25,4573943731521","57,3379174852652","1205,84282907662",39,1196,73,1218,"0,691391585382519"
64,219,"69,1126983722081","0,856165706554653","0,811111111111111","0,561538461538462","25,908540850056","13,3869779792984","16,6984867666804","60,0684931506849","299,497716894977",53,289,68,315,"0,57615360004337"
65,640,"95,4974746830583","0,318797458662201","0,948148148148148","0,735632183908046","29,4599302877645","27,9227954803966","28,5459858584443","57,825","1260,075",44,1246,73,1276,"0,881873034869527"
66,151,"44,142135623731","0,628519926500305","0,961783439490446","0,838888888888889","15,8424246357117","12,3221346344852","13,8657553438321","59,4039735099338","896,629139072848",54,889,66,904,"0,97382322909483"
67,1835,"230,450793488832","0,826050319255526","0,840971585701192","0,609634551495017","66,8448671213263","37,6735245683091","48,336265521749","59,583651226158","1003,62888283379",39,966,82,1036,"0,434199697903409"
68,464,"87,9827560572969","0,644978611604756","0,926147704590818","0,636488340192044","28,6265386330039","21,8764186273107","24,306031118986","61,4418103448276","1293,4224137931",48,1281,75,1308,"0,753238865090744"
69,1237,"150,509667991878","0,786696682601489","0,908890521675239","0,576689976689977","51,6907789496799","31,9107709905719","39,6862358612831","60,9789814066289","388,243330638642",39,362,78,417,"0,686200086029458"
70,296,"82,0832611206852","0,804415485783052","0,8","0,538181818181818","28,3185670085184","16,8231291440793","19,4133692398205","64,1554054054054","855,834459459459",55,843,77,868,"0,552067740477452"
71,833,"114,911688245431","0,686555515851471","0,944444444444444","0,682227682227682","39,5618260473104","28,7645090249157","32,5669854417689","58,6422569027611","660,315726290516",39,642,76,675,"0,792732119400741"
72,928,"139,095454429505","0,718205010618936","0,868101028999064","0,51959686450168","42,8094313077094","29,7881534566053","34,3739188559325","59,7521551724138","339,241379310345",40,316,78,363,"0,602742707828829"
73,1328,"163,539105243401","0,751582063598939","0,844246662428481","0,617674418604651","53,2149192288529","35,1026680256096","41,1200938156553","57,8975903614458","943,748493975904",33,924,83,967,"0,623971429278102"
74,386,"97,0538238691624","0,88355375321097","0,799171842650104","0,441142857142857","34,6151295276016","16,2112953441333","22,1691331420011","67,0466321243523","76,3497409326425",55,61,80,96,"0,514958067848332"
75,1003,"145,438600180013","0,767042052331459","0,818775510204082","0,568916619398752","47,5658826795519","30,5181194576909","35,7359659638489","69,9431704885344","173,869391824526",51,152,92,195,"0,595869868985634"
76,237,"73,3553390593274","0,808157873118487","0,820069204152249","0,5925","24,807071097848","14,6105193925799","17,3711764743276","66,6540084388186","1324,85232067511",58,1316,78,1336,"0,553470849823752"
77,1326,"164,267027304759","0,863935432153894","0,919556171983357","0,679303278688525","58,908456351267","29,6664512156345","41,0891182226977","67,3257918552036","33,8024132730015",50,3,82,64,"0,617522224355628"
78,449,"98,3259018078045","0,845870074028714","0,840823970037453","0,537081339712919","34,6886326608133","18,5025348437942","23,909925879979","67,4521158129176","210,579064587973",58,194,80,232,"0,583606779770331"
79,346,"96,2253967444162","0,795449608800204","0,768888888888889","0,501449275362319","31,1748365563001","18,8925662052393","20,9890657838401","68,6098265895954","263,228323699422",54,253,84,276,"0,469576702778472"
80,2006,"231,965512114594","0,875579519178009","0,859468723221937","0,653207424291762","75,4563381293882","36,4509963444916","50,5382877305785","68,0892323030907","1105,27966101695",51,1069,88,1152,"0,468483125364723"
81,484,"95,8406204335659","0,830543945433001","0,870503597122302","0,677871148459384","34,167623025972","19,0297635364927","24,8243416761013","70,6280991735537","502,231404958678",60,485,81,519,"0,662149404280221"
82,180,"51,698484809835","0,548640965099835","0,927835051546392","0,661764705882353","16,993345759559","14,207423807788","15,138795132121","70,1166666666667","284,511111111111",63,278,79,295,"0,846304673875884"
83,776,"126,124891681028","0,85422700256816","0,909730363423212","0,527891156462585","44,6423975501125","23,2095918494162","31,4330063263838","73,4884020618557","612,42912371134",55,591,90,633,"0,613013406760886"
84,1032,"149,982756057297","0,533050272597801","0,835627530364372","0,714681440443213","41,5931300590747","35,19126395457","36,2489063306286","75,4777131782946","551,721899224806",57,535,95,573,"0,576510075315702"
85,399,"92,9116882454314","0,712158801198195","0,878854625550661","0,604545454545455","27,9703499150893","19,6357004529549","22,5393562097352","80,6416040100251","451,230576441103",67,441,97,463,"0,580820661068226"
86,244,"64,5269119345812","0,784853203125186","0,887272727272727","0,642105263157895","23,0878343349107","14,3071091793978","17,6258460482151","79,5983606557377","1206,7131147541",72,1197,91,1217,"0,736407032455347"
87,455,"83,5979797464467","0,734745358840775","0,93429158110883","0,674074074074074","29,8120307245159","20,2227830612176","24,0691502312504","80,2923076923077","312,648351648352",69,299,94,326,"0,818143898959463"
88,241,"62,9055915910215","0,813326808182344","0,919847328244275","0,616368286445013","23,2513233639461","13,5277850471433","17,5171553136111","78,2406639004149","478,746887966805",67,471,90,488,"0,765329413400035"
89,266,"60,6274169979695","0,667400028993061","0,95","0,791666666666667","21,4793059498264","15,9956263244898","18,4033072815609","79,3759398496241","875,169172932331",69,868,90,884,"0,909396690154555"
90,834,"125,882250993909","0,68593289203307","0,866043613707165","0,587737843551797","39,381187125499","28,6563038284657","32,5865275890072","82,0095923261391","688,840527577938",61,672,104,705,"0,661373689744751"
91,378,"76,9055915910215","0,431950407674421","0,933333333333333","0,74703557312253","23,6316281072292","21,3133029674966","21,9381983742944","76,7989417989418","1175,42857142857",65,1164,87,1187,"0,803129963935828"
92,404,"88,4264068711928","0,851393952330765","0,878260869565217","0,633228840125392","32,2178232040277","16,8991109101824","22,6801405655478","78,6559405940594","639,928217821782",63,629,92,651,"0,649272894759572"
93,470,"84,1837661840736","0,682609296427551","0,93812375249501","0,752","28,7620034841661","21,0187980564536","24,4626774091784","81,9297872340426","788,510638297872",70,776,95,801,"0,833395247696653"
94,453,"85,4974746830583","0,741939558957123","0,932098765432099","0,645299145299145","29,7103815411212","19,9198235734939","24,0161927408369","85,3289183222958","374,046357615894",73,362,99,389,"0,77875615375438"
95,389,"95,698484809835","0,79360576210127","0,829424307036247","0,552556818181818","33,0246227667635","20,0932480191437","22,2551158815671","88,840616966581","1379,35989717224",77,1366,109,1388,"0,533764077188625"
96,568,"105,01219330882","0,814777338885669","0,891679748822606","0,717171717171717","36,2595493448136","21,0223438668526","26,8923792441199","87,1954225352113","89,7323943661972",76,75,100,108,"0,647259958476717"
97,298,"72,9055915910215","0,754782255645318","0,861271676300578","0,645021645021645","25,043905010292","16,4281860105709","19,4788445327509","86,7248322147651","420,422818791946",76,410,98,431,"0,704538047235787"
98,339,"83,698484809835","0,769680593681263","0,849624060150376","0,678","27,6531028541053","17,6545470396855","20,7756637839858","87,5840707964602","234,896755162242",74,226,99,246,"0,608099113271341"
99,1023,"127,290367901872","0,537078899475753","0,942857142857143","0,769172932330827","39,9923505632137","33,7348279463182","36,0904981160426","89,5376344086021","820,412512218964",72,801,107,839,"0,793404052329304"
100,889,"115,740115370178","0,618893198190825","0,948772678762006","0,706677265500795","38,2696427619761","30,0598533393502","33,6438695050013","91,2935883014623","1284,92913385827",74,1266,108,1303,"0,833957277948709"
101,457,"89,4264068711929","0,683181635655151","0,885658914728682","0,614247311827957","29,562473458789","21,5879515139986","24,121991458915","93,1028446389497","401,997811816193",78,391,109,415,"0,718115832022619"
102,1047,"156,267027304759","0,675737856453366","0,81605611847233","0,534183673469388","45,3594525834678","33,4363582482933","36,5113927882478","92,4106972301815","1041,04966571156",72,1019,112,1068,"0,538792875724475"
103,324,"82,5269119345812","0,882576414077571","0,9","0,6328125","30,8484311104064","14,5039755065596","20,3108250077192","92,3395061728395","62,1697530864198",85,43,101,75,"0,597810701351895"
104,192,"56,3847763108502","0,586698400751378","0,884792626728111","0,673684210526316","18,152828165672","14,7002605231573","15,6352803808934","95,5520833333333","621,505208333333",90,613,105,632,"0,758904921153193"
105,532,"94,0832611206852","0,480918415682092","0,909401709401709","0,65679012345679","28,7840013919513","25,2368150301465","26,026206750103","97,1616541353384","1178,50751879699",87,1165,114,1195,"0,755260499091726"
106,371,"99,9827560572969","0,723925192652184","0,733201581027668","0,46375","30,2671458925682","20,880652564493","21,7341176746779","97,4743935309973","758,690026954178",86,746,118,771,"0,466373178172206"
107,1029,"152,610173055266","0,821581724663046","0,814726840855107","0,601754385964912","49,6913809589917","28,328596921167","36,1961806207849","97,0748299319728","717,274052478134",80,697,118,742,"0,555211264926422"
108,220,"58,9055915910216","0,617693100036601","0,905349794238683","0,647058823529412","19,3111534166132","15,1866627545638","16,736567743768","95,8227272727273","437,4",86,430,106,447,"0,796745282804439"
109,382,"81,0121933088197","0,729383591377367","0,89044289044289","0,673721340388007","27,8610756580783","19,0598996481414","22,0539680350007","101,748691099476","561,086387434555",91,550,118,571,"0,731429456121021"
110,432,"86,9055915910215","0,795873584686812","0,9","0,677115987460815","30,8307288005071","18,6668602770664","23,4529205713402","100,604166666667","641,657407407407",91,628,113,657,"0,71878361775813"
111,155,"54,8700576850888","0,897055626943041","0,828877005347593","0,640495867768595","21,9886087280628","9,71715411645793","14,0482073388013","99,9548387096774","110,709677419355",96,100,107,122,"0,646950017052731"
112,652,"138,953318805774","0,778121320196018","0,799019607843137","0,536184210526316","39,1271283054866","24,5762975064051","28,8123616381463","99,6901840490798","1243,91104294479",77,1227,115,1259,"0,424345510346182"
113,976,"139,882250993909","0,789740214409151","0,880072137060415","0,611528822055138","46,8325770237909","28,7290432378133","35,2516920964302","105,729508196721","15,6321721311475",83,0,125,38,"0,626807893410166"
114,515,"108,325901807805","0,816346501612628","0,836038961038961","0,572222222222222","35,2210128318929","20,3423346350912","25,6069983703403","102,027184466019","208,295145631068",91,190,116,226,"0,551508825558964"
115,482,"96,2253967444162","0,319897785020987","0,860714285714286","0,5935960591133","26,5328392522263","25,1385932231391","24,7729986187048","99,6141078838174","493,00622406639",86,482,115,510,"0,654150204448623"
116,983,"132,124891681028","0,663114219300784","0,895264116575592","0,653156146179402","41,8658594359641","31,3373587652523","35,3778811190646","102,078331637843","989,64496439471",82,974,125,1009,"0,707610214333987"
117,1544,"180,16652224137","0,862729054761477","0,846955567745474","0,548295454545455","65,3496690383248","33,0451364058156","44,3382662840023","109,098445595855","900,062176165803",86,872,130,936,"0,597735389146431"
118,416,"91,8406204335659","0,718917168339375","0,852459016393443","0,683087027914614","28,9596508431323","20,1297302933477","23,0145095670064","105,685096153846","952,790865384615",96,938,117,967,"0,619774318857652"
119,387,"85,9827560572969","0,531433323307995","0,875565610859728","0,531593406593407","24,9938754377061","21,1723150237845","22,1978310609958","106,813953488372","1132,05943152455",94,1119,120,1147,"0,657806416773329"
120,952,"122,710678118655","0,597952941351987","0,9269717624148","0,677098150782361","39,4171093235311","31,5940433141811","34,8155718980441","106,68487394958","1095,3981092437",88,1079,125,1117,"0,794478410901184"
121,1651,"160,746212024588","0,391078626782039","0,945048654836863","0,764351851851852","48,0728448017635","44,244192287304","45,848865725967","108,371895820715","1320,67353119322",85,1299,133,1344,"0,802925853617404"
122,583,"101,497474683058","0,655623825758859","0,881996974281392","0,671658986175115","32,7468148338607","24,726716323402","27,2451583695269","109,04974271012","166,854202401372",95,153,126,181,"0,711161021403306"
123,332,"74,4264068711929","0,691250192864739","0,902173913043478","0,691666666666667","24,5180458609576","17,7171201388975","20,5600469078277","109,650602409639","860,686746987952",101,850,121,874,"0,753171437860069"
124,611,"104,225396744416","0,551880081690999","0,922960725075529","0,646560846560847","31,1420559945164","25,9700918014936","27,891743614073","112,988543371522","537,459901800327",96,525,131,552,"0,706812075024069"
125,276,"69,3553390593274","0,756084642170892","0,870662460567823","0,657142857142857","24,0303860336379","15,7272591458156","18,7460426316304","113,670289855072","781,981884057971",104,773,125,793,"0,721039650664688"
126,1028,"137,195959492893","0,772425359361031","0,877882152006832","0,582766439909297","47,0783521326421","29,8997228938671","36,1785883083869","124,089494163424","509,947470817121",104,489,146,531,"0,686310014463968"
127,242,"63,9411254969543","0,764918443550776","0,88","0,578947368421053","22,7340520332754","14,6436199561807","17,553460337663","119,681818181818",725,110,715,132,734,"0,743814562912976"
128,187,"48,8700576850888","0,594099086082869","0,979057591623037","0,742063492063492","17,2928610960676","13,9102368251997","15,4303530376163","118,828877005348","1291,31016042781",112,1282,126,1300,"0,983933545279545"
129,208,"61,1126983722081","0,784559468736697","0,848979591836735","0,608187134502924","22,0361589166609","13,6635991892041","16,2737157805129","118,206730769231","338,918269230769",108,331,127,349,"0,699858560234937"
130,979,"150,953318805774","0,831022587222421","0,846885813148789","0,566550925925926","51,2866349998624","28,5276097113012","35,3058283332331","119,938712972421","120,227783452503",105,89,137,143,"0,53989241293723"
131,462,"91,0477272147525","0,662529184713402","0,897087378640777","0,692653673163418","28,6914354608576","21,4909209267441","24,2535908613064","121,865800865801","224,751082251082",110,211,133,240,"0,700347562168112"
132,421,"80,0832611206852","0,591512229473546","0,941834451901566","0,626488095238095","26,3404014310346","21,2381610108061","23,1524048067043","123,209026128266","357,377672209026",109,345,137,369,"0,824913592683008"
133,588,"118,710678118655","0,825234060949448","0,815533980582524","0,512641673931997","37,9790995621809","21,4502492824719","27,3617406665635","122,979591836735","683,188775510204",108,664,139,701,"0,524333515050266"
134,639,"117,539105243401","0,794324762524944","0,823453608247423","0,480451127819549","38,9526420831539","23,6634710735821","28,5236755886363","122,148669796557","1155,96087636933",103,1137,141,1172,"0,581227242085975"
135,163,"58,7695526217005","0,898684089029575","0,806930693069307","0,463068181818182","23,9252004565901","10,4935096815363","14,4061808190732","121,251533742331","1356,27607361963",109,1348,131,1364,"0,593051896463311"
136,783,"135,675144212722","0,639422338813182","0,778330019880716","0,639183673469388","38,34993391829","29,4855649186987","31,5744606213255","122,053639846743","272,39846743295",105,255,140,290,"0,534528717170806"
137,717,"116,911688245431","0,763335494620041","0,895131086142322","0,624564459930314","39,3801257312793","25,4396503046418","30,2144461073691","125,284518828452","1019,32217573222",105,1005,146,1033,"0,659193863545225"
138,635,"124,811183182043","0,630636316626238","0,768765133171913","0,525227460711332","36,4072065713131","28,2548502179048","28,4342594576829","127,368503937008","72,2047244094488",112,50,143,89,"0,512243656449393"
139,1458,"167,78174593052","0,745833458503807","0,882566585956416","0,68515037593985","54,6097556423427","36,3773307803877","43,0857662833547","120,917695473251","307,27366255144",91,288,147,326,"0,650845594241006"
140,730,"119,497474683058","0,851052842859094","0,881642512077295","0,668498168498168","43,1186799151523","22,6407585956591","30,4871262610412","132,495890410959","1101,07397260274",118,1081,146,1120,"0,642414402694584"
141,1325,"155,923881554251","0,739863593961407","0,915055248618785","0,666163901458019","50,90967536709","34,249835979033","41,0736216661508","127,521509433962","403,415094339623",109,380,148,431,"0,684857895929871"
142,516,"92,5685424949238","0,824113254863849","0,928057553956834","0,614285714285714","34,4854458297333","19,5334205576847","25,6318474769835","129,852713178295","855,850775193798",118,839,142,874,"0,756715646913294"
143,1249,"145,639610306789","0,625347917138817","0,907044299201162","0,692350332594235","46,5524853717023","36,3270488166174","39,8782671561117","126,188951160929","592,700560448359",104,573,145,617,"0,739968591166799"
144,358,"75,9411254969543","0,770209834256394","0,908629441624365","0,650909090909091","27,1864338804771","17,3392511616175","21,3499357613832","126,128491620112","1378,25698324022",114,1366,139,1388,"0,780079440445174"
145,220,"58,7634559672906","0,569917842680321","0,897959183673469","0,771929824561403","18,8797716250712","15,513540081635","16,736567743768","131,363636363636","963,340909090909",123,957,142,972,"0,800604240521089"
146,1087,"138,367532368147","0,516019404760379","0,905833333333333","0,631976744186047","40,7789420265936","34,9302994678509","37,2023034922184","129,582336706532","1219,05519779209",109,1198,149,1241,"0,713462278439366"
147,1013,"145,710678118655","0,778948777934677","0,874784110535406","0,653127014829142","46,9225212521221","29,4245291158856","35,9136695259162","135,514313919052","153,41362290227",114,137,161,170,"0,599565383787067"
148,219,"58,3553390593274","0,595581358055861","0,901234567901235","0,644117647058824","18,9746398178719","15,2422331615347","16,6984867666804","135,707762557078","830,666666666667",128,822,145,842,"0,808151503679414"
149,791,"138,02438661764","0,811147551809608","0,801418439716312","0,567025089605735","43,3387209372173","25,3462851202011","31,7353506343559","139,554993678887","32,0404551201011",125,9,156,54,"0,521764702825067"
150,386,"86,2193000900063","0,787373001635825","0,867415730337079","0,559420289855072","30,1003856885227","18,5561921666046","22,1691331420011","137,388601036269","945,445595854922",126,928,149,958,"0,652511518743807"
151,401,"81,9411254969543","0,695232741379551","0,893095768374165","0,716071428571429","27,4474450135669","19,728803345783","22,5957752121674","139,815461346633","183,124688279302",130,170,150,198,"0,750499464810804"
152,391,"76,7695526217005","0,651173133145854","0,939903846153846","0,698214285714286","25,9304658772052","19,6793880664494","22,3122536287003","143,641943734015","262,675191815857",135,249,155,277,"0,833697697243635"
153,1166,"150,610173055266","0,380369234062107","0,872754491017964","0,631978319783198","41,1643980939685","38,0702642839051","38,5304724751877","139,258147512865","460,373927958834",115,441,160,482,"0,645951333856634"
154,509,"108,669047558312","0,835283207360787","0,864176570458404","0,673280423280423","36,1274945373381","19,8636167829187","25,4573943731521","136,463654223969","748,699410609037",120,738,156,759,"0,541646479883113"
155,499,"107,39696961967","0,754926152700137","0,826158940397351","0,577546296296296","32,7846843951901","21,5005175710608","25,2060812666873","140,673346693387","809,080160320641",124,796,156,823,"0,543658716176176"
156,251,"58,6274169979695","0,504566586291732","0,954372623574145","0,774691358024691","19,5333881844901","16,8645956908048","17,8768880325555","139,737051792829","884,490039840637",131,877,149,895,"0,917660555536163"
157,545,"107,497474683058","0,858296408072829","0,846273291925466","0,569487983281087","38,7484020780141","19,8839068897559","26,342276892491","137,405504587156","987,445871559633",122,971,151,1004,"0,592665766564406"
158,970,"162,852813742386","0,777493123887473","0,790546047269764","0,567251461988304","47,2890776368913","29,7396960938304","35,1431694414876","133,035051546392","1267,70927835052",111,1245,156,1283,"0,459611688733348"
159,154,"48,8700576850888","0,796183109462352","0,905882352941176","0,712962962962963","18,3406156428996","11,0970948865712","14,0028172125903","146,298701298701","105,694805194805",138,100,156,112,"0,810298213759625"
160,258,"60,3847763108502","0,568853874724925","0,962686567164179","0,80625","20,3106631798763","16,7042736184289","18,1244531653143","142,662790697674","765,604651162791",133,759,153,775,"0,889149208663819"
161,277,"79,5979797464467","0,891600550275294","0,852307692307692","0,618303571428571","29,292867263685","13,2644772217838","18,7799721483191","142,833935018051","1062,41155234657",136,1047,152,1075,"0,549396062772306"
162,193,"58,4264068711929","0,902831874159389","0,927884615384615","0,483709273182957","24,4095383623835","10,495948424249","15,6759443777364","147,647668393782","836,772020725389",139,826,158,847,"0,710475024335681"
163,657,"110,568542494924","0,443246830752106","0,867899603698811","0,585561497326203","31,6867370914222","28,4039785273706","28,922627489407","144,694063926941","697,401826484018",130,681,164,714,"0,67532381311986"
164,455,"109,053823869162","0,84050527910966","0,82129963898917","0,505555555555556","37,0534649342068","20,0756916259706","24,0691502312504","146,6","1181,8043956044",129,1171,165,1196,"0,480772329337292"
165,578,"102,325901807805","0,635075288514394","0,879756468797565","0,622844827586207","31,872473493334","24,6198998950937","27,1280750672974","147,771626297578","344,399653979239",134,330,166,359,"0,693691768056403"
166,553,"128,953318805774","0,942514743207905","0,78328611898017","0,395","49,7413313858439","16,6217905387898","26,5349103680141","150,656419529837","1347,45027124774",129,1328,169,1363,"0,417897668008835"
167,357,"74,7695526217005","0,580407354478144","0,899244332493703","0,649090909090909","24,4291599034365","19,8933070962214","21,3200965633473","147,644257703081","728,621848739496",137,718,159,743,"0,802469465074895"
168,232,"67,8406204335659","0,78853083507232","0,840579710144927","0,504347826086956","23,1823859808849","14,2570565950367","17,1869594279662","148,237068965517","375,254310344828",138,367,161,387,"0,633458585587445"
169,294,"94,9116882454314","0,533478968376027","0,767624020887728","0,58102766798419","23,0113044095904","19,4632680252114","19,3476723703948","150,676870748299","1122,95578231293",140,1111,163,1133,"0,41012646756442"
170,198,"62,698484809835","0,765746576424083","0,842553191489362","0,66","20,8509274481801","13,4101160726712","15,8777022852037","153,49494949495","1307,63131313131",144,1302,164,1317,"0,632937697656552"
171,152,"59,7340187157677","0,879251340708051","0,77948717948718","0,472049689440994","22,0066768293237","10,4830596955602","13,9115926766041","152,986842105263","1324,35526315789",143,1318,166,1332,"0,535315704707602"
172,276,"66,9705627484771","0,811802531984661","0,9419795221843","0,766666666666667","25,3281097908766","14,7898952906867","18,7460426316304","153,452898550725","5,5036231884058",142,0,166,15,"0,773305411799074"
173,220,"60,8700576850888","0,83360012951955","0,905349794238683","0,61624649859944","23,0444985655737","12,7290522746859","16,736567743768","150,436363636364","548,763636363636",143,540,160,561,"0,746148238761175"
174,517,"92,0832611206852","0,629111756265106","0,915044247787611","0,683862433862434","29,6131386262348","23,0187328302212","25,6566725166784","158,152804642166","660,255319148936",144,649,172,676,"0,766194489728336"
175,446,"80,8700576850888","0,482979427825912","0,952991452991453","0,810909090909091","25,8355811434773","22,6224538113645","23,8299147491526","155,031390134529","497,708520179372",144,485,166,510,"0,856977100019844"
176,191,"55,4558441227157","0,810292817715085","0,896713615023474","0,636666666666667","20,73176092017","12,1493345965074","15,5945103496203","158,256544502618","533,743455497382",149,526,169,541,"0,780456299967196"
177,214,"54,8700576850888","0,511449313827551","0,93859649122807","0,703947368421053","18,2048129116309","15,6436405265068","16,5067641460501","159,18691588785","274,471962616822",150,266,169,282,"0,893208410640544"
178,191,"57,0060966544099","0,845756546245818","0,90952380952381","0,789256198347107","21,6479989415473","11,5507008778712","15,5945103496203","159,303664921466","286,832460732984",150,282,172,293,"0,738585235276013"
179,371,"78,8700576850888","0,612794344838899","0,904878048780488","0,713461538461538","25,3990074314946","20,0713732359213","21,7341176746779","158,916442048518","1039,70350404313",150,1029,170,1055,"0,749478979373949"
180,216,"54,9705627484771","0,284823091458284","0,935064935064935","0,794117647058823","17,1958561912597","16,4836055335557","16,5837191746241","162,078703703704","1272,33796296296",155,1264,171,1281,"0,898262458142538"
181,655,"105,876154339499","0,419979933444117","0,897260273972603","0,752873563218391","30,8434381341921","27,9914499953374","28,8785716717696","160,980152671756","306,528244274809",146,292,175,322,"0,734268415204456"
182,262,"64,7695526217005","0,604566006895783","0,89419795221843","0,626794258373206","20,9436694419815","16,6827856020332","18,2644124110417","162,141221374046","865,13358778626",153,854,172,876,"0,78481873299711"
183,1571,"164,509667991878","0,675755729296446","0,913372093023256","0,604230769230769","53,0389382466333","39,0963607667073","44,7242587951879","162,70782940802","70,1814131126671",140,47,192,97,"0,729462880565367"
184,238,"75,4974746830583","0,813483213884166","0,80952380952381","0,491735537190083","24,8583693504115","14,4573391227788","17,407785949022","164,016806722689","828,710084033614",153,819,175,841,"0,524713177141302"
185,626,"119,639610306789","0,592863601292724","0,842530282637954","0,662433862433862","33,2583493148207","26,7830449359026","28,2320377409108","162,575079872204","946,97124600639",150,930,177,965,"0,549584173430006"
186,196,"53,4558441227157","0,75631142005326","0,942307692307692","0,720588235294118","19,7003275533443","12,8881860963781","15,7973083393372","169,178571428571","467,382653061225",161,460,178,476,"0,861937054991857"
187,785,"144,953318805774","0,83082357869884","0,762135922330097","0,511067708333333","45,7175056579317","25,4434320517791","31,6147598854887","169,135031847134","756,620382165605",156,732,188,780,"0,469486592422923"
188,1244,"206,308657865101","0,831416939803875","0,765538461538462","0,498397435897436","56,9234477270967","31,6294599310007","39,7983667208912","170,400321543408","611,389871382637",148,589,196,641,"0,367278356869593"
189,507,"100,325901807805","0,778203948768487","0,868150684931507","0,681451612903226","33,2433646023511","20,8772197680923","25,4073306189518","165,828402366864","1081,40039447732",149,1070,180,1094,"0,632982464525449"
190,268,"66,3553390593274","0,462285390724315","0,893333333333333","0,705263157894737","19,8779762643827","17,6264217069149","18,4723630862168","169,981343283582","1230,23134328358",161,1221,180,1241,"0,764879308836794"
191,223,"59,0416305603426","0,570630323958641","0,90650406504065","0,72875816993464","18,9306199577029","15,5459587362176","16,8502943142232","171,717488789238","168,982062780269",164,161,182,178,"0,803892619003499"
192,587,"103,39696961967","0,789892752592491","0,898928024502297","0,573802541544477","35,7298368179703","21,9111440526007","27,3384639795205","170,415672913118","1252,89948892675",154,1237,185,1270,"0,689973393840478"
193,154,"54,6274169979695","0,830117343919161","0,850828729281768","0,641666666666667","20,011811585806","11,1583606699646","14,0028172125903","170,24025974026","436,967532467533",159,431,179,443,"0,648498914107091"
194,1418,"186,338095116624","0,860952413588687","0,833627278071723","0,598817567567568","62,6763081117632","31,8825293533434","42,4906304311252","176,269393511989","400,561354019746",159,367,196,431,"0,513195443628365"
195,781,"114,083261120685","0,841593513146897","0,961822660098522","0,723148148148148","43,9895040851391","23,7592340302217","31,5341098564422","177,02304737516","1377,51600512164",156,1364,201,1388,"0,754079342124568"
196,378,"96,4619407771256","0,880380089422252","0,825327510917031","0,529411764705882","33,4977261550824","15,886926509741","21,9381983742944","174,716931216931","184,187830687831",158,176,192,197,"0,510492860732705"
197,227,"56,9705627484771","0,576270226531782","0,957805907172996","0,796491228070175","19,0631823447178","15,5795614560637","17,0007463558187","175,867841409692","135,422907488987",166,128,185,143,"0,878890362929032"
198,309,"71,5918830920368","0,564979485817974","0,914201183431953","0,813157894736842","22,2681004193915","18,3735199113444","19,8350956469377","174,695792880259","151,770226537217",165,143,185,162,"0,75760140547759"
199,458,"92,8111831820431","0,848007882328481","0,899803536345776","0,585677749360614","33,7973487886699","17,9120410674003","24,1483687127869","176,344978165939","1351,65283842795",160,1341,194,1364,"0,668151155179545"
200,206,"63,9411254969543","0,920243481028701","0,844262295081967","0,504901960784314","27,227029607275","10,6551976133704","16,195287778099","173,859223300971","516,116504854369",166,505,183,529,"0,63316446264493"
201,887,"156,024386617639","0,865601837408106","0,794802867383513","0,511534025374856","50,3965720664748","25,2352227846502","33,6060035734702","177,266065388952","1192,900789177",160,1164,194,1215,"0,457876670401401"
202,546,"93,9827560572969","0,479469739957813","0,936535162950257","0,672413793103448","28,6085419703278","25,1056666935995","26,366433043273","177,772893772894","1309,62087912088",164,1295,193,1323,"0,77679452065372"
203,157,"61,5979797464467","0,851379599201781","0,710407239819005","0,498412698412698","23,0400095485695","12,0856386681936","14,1385504392572","176,872611464968","1147,56050955414",169,1138,184,1159,"0,519967954619212"
204,435,"84,3259018078045","0,661295325366735","0,904365904365904","0,61965811965812","28,0982991861194","21,0772549757217","23,534213434058","180,659770114943","810,411494252874",168,799,195,825,"0,768735845350622"
205,341,"78,6690475583121","0,859119025753229","0,904509283819629","0,570234113712375","29,8278786279586","15,2651873249626","20,8368588024849","182,16715542522","900,706744868035",170,888,193,914,"0,692399042404778"
206,255,"62,2842712474619","0,827549442650017","0,944444444444444","0,692934782608696","24,1778656879381","13,5732806657391","18,0187703217358","184,294117647059","947,376470588235",177,936,193,959,"0,826025148472278"
207,761,"107,568542494924","0,593123475627441","0,939506172839506","0,701382488479263","34,8808196716099","28,0829493768964","31,1277254797626","180,291721419185","1047,99342969777",164,1032,199,1063,"0,826464022060842"
208,264,"62,0416305603426","0,71777498492035","0,942857142857143","0,8","22,2510016942096","15,4928193268157","18,3339913769502","182,776515151515","728,731060606061",172,722,194,737,"0,861881153651145"
209,1114,"135,982756057297","0,763647339279039","0,929107589658048","0,681762545899633","47,8772755807382","30,9111776342888","37,6615035923285","182,932675044883","978,159784560144",166,959,204,1002,"0,757054903415758"
210,292,"66,3847763108502","0,569140266450237","0,941935483870968","0,858823529411765","21,6105061726787","17,7690323134326","19,2817516596047","185,198630136986","1223,15753424658",177,1214,194,1234,"0,832637033141303"
211,225,"57,698484809835","0,684796575605918","0,918367346938775","0,694444444444444","19,9954076496403","14,5713389857722","16,9256875064327",182,"204,911111111111",173,197,191,215,"0,84930477360695"
212,413,"81,254833995939","0,751570935553025","0,909691629955947","0,625757575757576","28,7231970659857","18,9473223969506","22,9313744022381","185,602905569007","923,944309927361",171,914,201,936,"0,786070504951995"
213,648,"111,982756057297","0,824926607589478","0,847058823529412","0,631578947368421","39,4088865595409","22,2754732692156","28,7238441889032","183,461419753086","244,375",170,227,197,265,"0,649355563922793"
214,609,"101,497474683058","0,760169922063912","0,934049079754601","0,67741935483871","35,3965837256478","22,9980212258187","27,8460568616764","185,52052545156","708,981937602627",171,693,202,722,"0,742876607263488"
215,261,"72,0832611206852","0,868425143901936","0,847402597402597","0,54375","26,7831758749816","13,279642285046","18,2295233392395","191,344827586207","24,2528735632184",182,12,202,36,"0,631221115914331"
216,572,"130,947222151364","0,874434625631275","0,706172839506173","0,5","42,9147661825651","20,8198141135194","26,9869045944234","187,856643356643","647,767482517483",178,629,204,673,"0,419192315699702"
217,477,"87,0477272147525","0,546628976101176","0,933463796477495","0,709821428571429","27,4512772786985","22,9870112108988","24,6441729996905","187,507337526205","552,557651991614",172,541,200,565,"0,791067186637415"
218,561,"101,740115370178","0,789905324172748","0,848714069591528","0,584375","35,8517605203993","21,9853325990452","26,7261554398762","183,873440285205","1016,68449197861",168,1001,198,1033,"0,681064547282193"
219,261,"73,1482322781408","0,667324123162933","0,815625","0,564935064935065","22,6020039265723","16,8332362233197","18,2295233392395","192,655172413793","150,842911877395",185,140,206,162,"0,612974913129351"
220,177,"54,2842712474619","0,846841986792795","0,893939393939394","0,614583333333333","21,0528660841767","11,1968525645589","15,0121084268041","190,74011299435","503,129943502825",183,495,199,513,"0,754805587785797"
221,895,"136,367532368147","0,892966988168028","0,871470301850049","0,552469135802469","51,6808036582162","23,2626749225994","33,757212452126","192,353072625698","1291,17988826816",175,1271,211,1316,"0,604798820758406"
222,529,"91,9827560572969","0,571295471021083","0,912068965517241","0,59841628959276","29,1625912780083","23,9350355179468","25,9527208431968","194,765595463138","428,192816635161",182,414,208,448,"0,785692667084694"
223,215,"58,6274169979695","0,855972018407618","0,934782608695652","0,716666666666667","23,2827700533038","12,0377078334493","16,5452864018143","194,795348837209","1256,62325581395",185,1249,205,1264,"0,78604390215249"
224,203,"58,2842712474619","0,749454005805208","0,90625","0,644444444444444","20,4546547259275","13,542135324459","16,0769284249585","195,059113300493","198,684729064039",189,189,204,210,"0,750936407383851"
225,973,"141,78174593052","0,786804254946099","0,849040139616056","0,551587301587302","46,7393172014778","28,8476286651151","35,1974725943116","198,727646454265","828,643371017472",176,807,218,849,"0,608249925211901"
226,156,"52,5269119345812","0,806940545116706","0,857142857142857","0,557142857142857","19,0766631114347","11,2673005614665","14,0934512798919","196,166666666667","173,326923076923",190,163,204,183,"0,710510865468746"
227,348,"86,2842712474619","0,924324676069985","0,91820580474934","0,710204081632653","35,2196218627956","13,4400538137618","21,049640414217","191,597701149425","5,17528735632184",173,0,208,14,"0,587389037684348"
228,1073,"139,053823869162","0,635481119216093","0,871649065800162","0,693152454780362","43,0658485065028","33,251848245633","36,9619538377076","203,688723205965","1115,37931034483",184,1096,227,1132,"0,697338613244504"
229,196,"53,698484809835","0,490342333388757","0,911627906976744","0,720588235294118","17,082843242482","14,8882089518805","15,7973083393372","202,25","370,15306122449",195,362,211,379,"0,854165197358962"
230,168,"51,3553390593274","0,616293677989094","0,893617021276596","0,56","16,9439309928468","13,3436237761774","14,6254655828629","204,27380952381","735,160714285714",196,728,216,743,"0,800475315518714"
231,325,"92,3259018078045","0,841310071598612","0,738636363636364","0,433333333333333","31,0219564063641","16,7690063679337","20,3421447256411","205,926153846154","1224,84923076923",194,1215,224,1240,"0,479121994790051"
232,200,"55,8345237791561","0,778714582210394","0,921658986175115","0,769230769230769","20,3322734407688","12,7560282505883","15,9576912160573","204,455","38,325",198,28,211,48,"0,80618409725037"
233,249,"64,7695526217005","0,87999712620705","0,922222222222222","0,576388888888889","26,0158913009333","12,3570022376063","17,8055229251785","203,70281124498","57,7269076305221",195,47,213,71,"0,745877345481986"
234,728,"113,39696961967","0,743790494082052","0,888888888888889","0,660617059891107","37,9677353962528","25,3781211696556","30,4453344302078","202,537087912088","1068,85989010989",188,1051,217,1089,"0,711440108882167"
235,1097,"156,568542494924","0,921905507983449","0,913405495420483","0,642271662763466","62,5757675046672","24,2427790253201","37,3730354744497","207,630811303555","321,020054694622",193,285,221,346,"0,562351003093756"
236,331,"69,0121933088198","0,282508901353756","0,937677053824363","0,654150197628459","21,1645115333952","20,3023683212246","20,5290596303713","204,09667673716","881,135951661631",193,871,216,893,"0,873345722554221"
237,391,"89,9827560572969","0,87857481930645","0,866962305986696","0,482716049382716","33,7504347522622","16,1193675868341","22,3122536287003","209,291560102302","443,283887468031",195,428,222,458,"0,606831392544245"
238,506,"99,1543289325507","0,834004789144658","0,872413793103448","0,572398190045249","35,6795230453761","19,686433859982","25,3822617123847","210,978260869565","527,0395256917",196,515,230,541,"0,646750870053209"
239,429,"100,669047558312","0,808025606252809","0,764705882352941","0,525735294117647","33,071286386469","19,4838612865731","23,3713449482777","210,053613053613","556,013986013986",199,541,223,575,"0,531955418246822"
240,406,"81,7401153701776","0,577903185833413","0,904231625835189","0,556927297668038","25,831727875714","21,0814107731883","22,7362102198778","205,746305418719","910,206896551724",193,898,220,925,"0,763599094809245"
241,392,"83,1126983722081","0,785568726674499","0,871111111111111","0,653333333333333","29,4268529008615","18,2085836655385","22,3407677024802","209,94387755102","352,272959183673",194,343,224,363,"0,713117617833184"
242,720,"111,639610306789","0,744490140344355","0,907944514501891","0,636604774535809","37,5503107460695","25,0698437192613","30,2775902642419","208,073611111111","249,184722222222",194,231,223,270,"0,725948373841031"
243,500,"134,124891681028","0,919721859935824","0,654450261780105","0,378787878787879","47,4412527625248","18,6240425343757","25,2313252202016","215,37","1371,306",196,1358,240,1388,"0,349269851769974"
244,1174,"161,480230740355","0,792825223433212","0,83026874115983","0,548085901027078","52,0224473342519","31,7050319832728","38,6624265342862","207,029812606474","482,639693356048",186,456,228,507,"0,565769118168956"
245,396,"93,7401153701776","0,777716657930214","0,828451882845188","0,589285714285714","31,0299961393112","19,5059205727511","22,4544619110573","210,356060606061","763,484848484849",201,750,222,782,"0,566309807044928"
246,348,"74,9116882454314","0,686396097148123","0,913385826771654","0,58","25,3061152187946","18,4033126672388","21,049640414217","216,721264367816","896,425287356322",205,884,230,908,"0,779273555291116"
247,415,"81,698484809835","0,428874735633175","0,902173913043478","0,754545454545455","24,9227340043741","22,5142999174633","22,9868312532435","214,359036144578","991,012048192771",204,978,226,1003,"0,781321826193791"
248,697,"168,480230740355","0,809531194225923","0,659413434247871","0,447368421052632","44,2363946494507","25,9701638956143","29,7900648317591","221,912482065997","672,833572453372",203,655,244,693,"0,308563637005653"
249,548,"95,3198051533946","0,646320306370349","0,931972789115646","0,83030303030303","30,8772205428754","23,5613640743937","26,4146790727215","216,078467153285","179,06204379562",202,169,232,191,"0,757921332068235"
250,850,"114,669047558312","0,603199334147373","0,940265486725664","0,721561969439728","37,5345091444789","29,937166917987","32,8976232123977","216,701176470588","632,828235294118",198,619,236,650,"0,812337270169644"
251,160,"51,2132034355964","0,829132049817949","0,888888888888889","0,647773279352227","19,80204266375","11,0703875877506","14,2729929292222","219,28125","212,9",213,203,226,222,"0,766594964554876"
252,697,"115,882250993909","0,774516932753363","0,8734335839599","0,622321428571429","38,9429959661575","24,6335157939885","29,7900648317591","218,180774748924","941,843615494978",204,920,232,960,"0,652242053582457"
253,498,"99,6335136523794","0,892638332027929","0,884547069271758","0,62406015037594","38,9852656307455","17,5735272266948","25,1808120059324","220,182730923695","1053,91365461847",210,1034,231,1072,"0,630417578028141"
254,377,"95,2253967444162","0,831871335235393","0,810752688172043","0,483333333333333","31,059594539865","17,237097869031","21,9091603756318","221,371352785146","18,4562334217507",207,5,233,35,"0,52245108169667"
255,618,"115,876154339499","0,476550481802736","0,834008097165992","0,693602693602694","31,8050898621148","27,9613527862269","28,0510612748668","219,775080906149","156,215210355987",205,142,238,169,"0,578375904946079"
256,151,"46,8700576850888","0,584255498653521","0,920731707317073","0,629166666666667","15,9228625822229","12,9225141268113","13,8657553438321","220,456953642384","590,556291390729",213,582,228,598,"0,863765463270546"
257,155,"63,0121933088198","0,882688274822238","0,763546798029557","0,414438502673797","22,8342287491413","10,7311500408297","14,0482073388013","223,122580645161",1164,214,1153,231,1175,"0,490560266222055"
258,224,"68,840620433566","0,680153613074919","0,772413793103448","0,535885167464115","22,1160955205923","16,2126376615419","16,888032982579","225,799107142857","63,5401785714286",217,54,239,73,"0,593975225049189"
259,167,"51,8700576850888","0,825597997653983","0,907608695652174","0,613970588235294","19,6336711601297","11,0784709088411","14,5818724439206","225,574850299401","1290,20958083832",218,1283,235,1299,"0,779996893844444"
260,504,"92,5685424949238","0,659466076787083","0,903225806451613","0,666666666666667","29,5788056301612","22,235403448965","25,3320494738685","222,559523809524","380,085317460317",210,367,237,395,"0,739117608612984"
261,648,"121,053823869162","0,686091744144701","0,822335025380711","0,620689655172414","35,3167695988779","25,6934806879341","28,7238441889032","225,399691358025","98,2623456790124",210,81,239,117,"0,555683939338089"
262,986,"143,917784899841","0,818800209065362","0,857391304347826","0,58274231678487","48,8829094251602","28,0626312980236","35,4318245523551","223,96247464503","1325,06288032454",205,1302,241,1349,"0,598215755414748"
263,732,"125,639610306789","0,778136855245584","0,823397075365579","0,621392190152801","40,8364681393491","25,6491718817836","30,5288608818957","224,441256830601","797,790983606557",207,781,245,812,"0,582730545796355"
264,340,"86,0832611206852","0,791067810979861","0,833333333333333","0,551948051948052","28,6385360929386","17,5190078068508","20,8062837914404","227,738235294118","1015,63529411765",211,1006,239,1028,"0,576569093588181"
265,669,"106,911688245431","0,816345130965827","0,929166666666667","0,709437963944857","39,0005209534715","22,5253121803476","29,1855658747235","231,121076233184","1191,56352765321",219,1171,242,1212,"0,735504961466265"
266,459,"101,597979746447","0,448581655079116","0,784615384615385","0,565270935960591","28,3588315393877","25,3454746318341","24,1747171862142","231,732026143791","264,930283224401",219,251,248,279,"0,55879486325826"
267,339,"73,5979797464467","0,815095018785073","0,928767123287671","0,678","27,4960906316339","15,9292357047512","20,7756637839858","231,221238938053","412,53982300885",219,403,244,423,"0,78646205882736"
268,233,"59,1126983722081","0,736005647534328","0,932","0,65266106442577","21,3404560431232","14,4469636807435","17,2239604598737","230,987124463519","579,81974248927",223,571,240,592,"0,837923202011231"
269,283,"71,7401153701776","0,517685391947673","0,873456790123457","0,494755244755245","21,4239451944844","18,3297074525318","18,9822757107795","234,441696113074","960,081272084806",225,946,247,972,"0,690990629605729"
270,379,"76,1837661840736","0,644332505364809","0,933497536945813","0,728846153846154","25,5206971085762","19,5168373155556","21,9671979882421","235,503957783641","717,820580474934",223,709,249,729,"0,820586177471723"
271,1083,"138,811183182043","0,719916787109118","0,904006677796327","0,723930481283422","45,506813186971","31,5844763335229","37,1337909046219","236,147737765466","765,626962142198",221,745,255,789,"0,706300329087677"
272,324,"79,6690475583121","0,820290868646073","0,873315363881402","0,54180602006689","27,6408106250177","15,8090671160911","20,3108250077192","232,972222222222","204,703703703704",219,194,245,217,"0,641468926951911"
273,164,"52,0416305603426","0,688669142261999","0,881720430107527","0,650793650793651","17,8249139525916","12,9244124749883","14,4503039876871","236,591463414634","1304,74390243902",229,1298,247,1312,"0,760942640989304"
274,396,"76,0832611206852","0,483704363767319","0,933962264150943","0,688695652173913","24,1794179032816","21,1625869557772","22,4544619110573","238,542929292929","392,54797979798",226,381,251,404,"0,859660181908299"
275,179,"60,2842712474619","0,812452176741444","0,848341232227488","0,639285714285714","20,867557168559","12,1663667515137","15,0966843547712","236,905027932961","1162,5530726257",230,1153,244,1173,"0,618948998374383"
276,449,"99,1543289325507","0,771188985406154","0,831481481481482","0,557071960297767","32,6395543766619","20,7785451144886","23,909925879979","239,387527839644","449,213808463252",221,438,252,464,"0,573895534889112"
277,191,"59,1126983722081","0,839596529213774","0,880184331797235","0,62012987012987","21,9793378524352","11,9394075257379","15,5945103496203","239,968586387435","31,3089005235602",229,24,251,38,"0,686881251434099"
278,216,"55,698484809835","0,669962211505724","0,923076923076923","0,710526315789474","19,3933451767002","14,3975263994857","16,5837191746241","242,652777777778","193,425925925926",234,186,253,202,"0,874937141858401"
279,212,"60,7695526217005","0,835041158524093","0,854838709677419","0,481818181818182","23,602050738025","12,9855528274374","16,4294486664603","240,160377358491","334,240566037736",229,323,249,345,"0,721395861751314"
280,772,"118,124891681028","0,767117113558794","0,905041031652989","0,596138996138996","39,867761202869","25,5754510876668","31,3518887554729","241,224093264249","547,958549222798",224,529,259,566,"0,695255315350605"
281,714,"154,40306627408","0,720846675132029","0,670422535211268","0,497560975609756","42,2342552873884","29,2723326416907","30,1511697109898","240,97619047619","1078,55602240896",223,1059,258,1100,"0,376353738471475"
282,279,"68,0121933088198","0,401054059314675","0,8801261829653","0,553571428571429","20,115844009091","18,4272071699216","18,8476479429427","243,698924731183","587,749103942652",234,576,255,600,"0,757949910890855"
283,573,"123,331998462214","0,767003598077529","0,869499241274659","0,564532019704433","36,1948693794347","23,2241772706327","27,0104842447011","240,808027923211","829,842931937173",226,811,255,846,"0,473383316883509"
284,339,"85,4974746830583","0,647100698066722","0,816867469879518","0,576530612244898","25,8925011691138","19,7405605103441","20,7756637839858","244,474926253687","478,935103244838",231,470,259,491,"0,582777783935397"
285,403,"85,9411254969543","0,812950100436417","0,88962472406181","0,625776397515528","30,7793075749288","17,9238173879944","22,652053693391","247,915632754342","124,153846153846",235,112,263,135,"0,685666349730612"
286,771,"124,846717087976","0,536133432017561","0,83804347826087","0,566911764705882","36,6706769935755","30,9549377354628","31,3315765481217","247,517509727626","244,225680933852",226,227,266,261,"0,6215985438423"
287,329,"68,8345237791561","0,696533937511156","0,94","0,806372549019608","24,3299264159915","17,4573024480828","20,4669443302577","247,887537993921","1328,54407294833",240,1317,257,1341,"0,872555655276808"
288,671,"124,639610306789","0,36405452887258","0,793144208037825","0,533386327503975","33,938271200893","31,6093467858272","29,229158977249","248,140089418778","1126,43517138599",225,1110,262,1144,"0,542775478927507"
289,554,"95,7401153701776","0,7954921696606","0,927973199329983","0,621773288439955","34,5676793765006","20,9467646653219","26,5588913131418","246,480144404332","170,889891696751",231,159,264,186,"0,759506921099055"
290,328,"83,4974746830583","0,703240051687597","0,792270531400966","0,570434782608696","27,220230741007","19,3522905684193","20,4358158798012","247,390243902439","11,7987804878049",236,0,259,25,"0,591203540433066"
291,574,"124,710678118655","0,765468199429975","0,845360824742268","0,57979797979798","35,1476571024972","22,6165938652387","27,0340433283293","250,526132404181","930,357142857143",236,915,266,948,"0,4637826256748"
292,538,"131,053823869162","0,691159158638271","0,700520833333333","0,494485294117647","33,7597077573121","24,3982278563573","26,1725595818888","253,501858736059","1020,75836431227",238,1008,272,1040,"0,393634128504404"
293,477,"87,4974746830583","0,745897707841329","0,901701323251418","0,657931034482759","30,5828250879517","20,3700122235293","24,6441729996905","261,660377358491","595,836477987421",247,583,276,608,"0,782955727679332"
294,503,"93,9827560572969","0,537737602286183","0,899821109123435","0,559510567296997","28,2904533364711","23,8520278497084","25,3069059942496","256,638170974155","993,445328031809",240,979,271,1008,"0,715618395400771"
295,768,"114,083261120685","0,796723533496063","0,923076923076923","0,703296703296703","40,7749737199076","24,6421087219441","31,2705607617869","258,859375","790,561197916667",247,769,273,811,"0,74152744526462"
296,811,"123,468037431535","0,732246314258259","0,901111111111111","0,614393939393939","39,9626805647689","27,2161796781535","32,1340515774189","257,347718865598","1173,9075215783",244,1153,277,1193,"0,66853111995135"
297,298,"87,5979797464467","0,767201410687329","0,766066838046273","0,596","26,3362201294692","16,8922165599118","19,4788445327509","262,046979865772","1258,39932885906",251,1248,276,1268,"0,488020367476498"
298,177,"50,6274169979695","0,842015465704895","0,96195652173913","0,766233766233766","20,5574553928476","11,0897889162985","15,0121084268041","259,920903954802","685,706214689266",255,675,266,696,"0,867783902673996"
299,462,"89,254833995939","0,633455048877293","0,893617021276596","0,6015625","28,5011165620836","22,0535794729643","24,2535908613064","263,272727272727","371,030303030303",251,354,275,386,"0,728766408824277"
300,2319,"192,651803615609","0,455699725192504","0,954713874022231","0,656196943972835","58,524071828823","52,0942405940507","54,338223234118","265,805519620526","306,890470030185",236,279,293,341,"0,785171367791693"
301,390,"77,9411254969543","0,404529775589692","0,948905109489051","0,738636363636364","23,9545305831321","21,9070129565521","22,2837030685367","266,979487179487","523,464102564103",258,513,280,537,"0,806753996179825"
302,1740,"184,160425586961","0,71818698746545","0,877901109989909","0,71078431372549","57,7071144044315","40,1555050345838","47,068426868116","264,259195402299","86,832183908046",237,63,288,111,"0,644713096553004"
303,521,"104,846717087976","0,72573542853279","0,844408427876823","0,509286412512219","32,8886118905476","22,6265066044459","25,7557333967996","269,975047984645","43,2495201535509",256,28,289,59,"0,595576994974871"
304,204,"60,5269119345812","0,844290017019722","0,868085106382979","0,545454545454545","22,8796859123056","12,2609153656272","16,1164781241428","270,519607843137","402,803921568628",263,392,280,414,"0,699750145833149"
305,250,"63,3553390593274","0,745523718861192","0,915750915750916","0,639386189258312","22,5621926551654","15,0372297512274","17,8412411615277","267,868","571,28",260,561,277,584,"0,782678553574051"
306,1381,"201,823376490863","0,637429848914152","0,75382096069869","0,563673469387755","51,1220857975633","39,3899963083755","41,9326103561328","267,944967414917","1345,88631426503",240,1322,289,1372,"0,426050037013125"
307,634,"103,254833995939","0,49280059262802","0,892957746478873","0,707589285714286","31,284565402712","27,2220228609075","28,411861455422","268,829652996845","499,528391167192",254,486,286,514,"0,747271357464184"
308,303,"102,539105243401","0,665828787296655","0,674832962138085","0,415637860082305","26,7878791794689","19,9865590159511","19,6415778911663","273,73597359736","128,204620462046",263,114,290,141,"0,362137455355529"
309,321,"67,0121933088197","0,498587279132328","0,958208955223881","0,664596273291926","22,0684104692915","19,1297699775354","20,2165747311454","271,98753894081","267,345794392523",261,257,282,280,"0,898270694170702"
310,251,"85,1837661840736","0,934869051662139","0,703081232492997","0,597619047619048","34,5000164088547","12,247255879417","17,8768880325555","271,96015936255","15,6135458167331",266,0,280,30,"0,434680252557193"
311,602,"105,296464556282","0,909012522905048","0,937694704049844","0,532272325375774","43,3105642674982","18,0504919255808","27,6855595199116","276,230897009967","1130,8488372093",263,1111,292,1150,"0,682305349399316"
312,183,"54,2842712474619","0,803406305381018","0,938461538461538","0,67032967032967","20,1748068601217","12,0127093660007","15,2644304409478","274,562841530055","1314,27868852459",265,1309,286,1322,"0,780392217880231"
313,2623,"216,066017177982","0,527338981163781","0,905419399378668","0,733706293706294","63,6070766031206","54,044069919613","57,7902009499909","272,545558520778","642,927563858178",240,616,305,671,"0,706049616729323"
314,572,"112,811183182043","0,900432494923854","0,838709677419355","0,485568760611205","42,8039295296272","18,6195283913985","26,9869045944234","277,589160839161","857,043706293706",262,838,293,876,"0,564808968803288"
315,930,"127,740115370178","0,544029097607831","0,897683397683398","0,675872093023256","38,4428619542736","32,2561118922458","34,4109397808851","278,333333333333","950,449462365591",264,929,296,972,"0,716206411408266"
316,406,"83,8406204335659","0,8054293302948","0,933333333333333","0,6496","29,9826614732321","17,7704782072819","22,7362102198778","279,334975369458","557,564039408867",268,544,293,569,"0,725816656767271"
317,371,"93,1543289325507","0,826967165846201","0,829977628635347","0,610197368421053","30,5630797862529","17,1840982446115","21,7341176746779","282,312668463612","823,018867924528",268,815,300,834,"0,537251566456187"
318,546,"101,633513652379","0,842639523641515","0,890701468189233","0,67741935483871","36,6112528774388","19,7143568348121","26,366433043273","281,355311355311","196,512820512821",269,181,295,212,"0,664245508346071"
319,1080,"139,811183182043","0,630201689457557","0,901502504173623","0,694980694980695","43,1820543630957","33,5279060301402","37,0823233942262","280,382407407407","231,518518518518",261,212,298,254,"0,694304208034235"
320,1187,"172,202056147303","0,826533842393838","0,778871391076115","0,557800751879699","56,2021937983624","31,635485888507","38,8758966404717","288,604043807919","691,165964616681",266,672,322,710,"0,503018453243375"
321,185,"55,0416305603426","0,727263296234234","0,880952380952381","0,695488721804511","19,028608442475","13,0604486368354","15,3476159639211","282,443243243243","175,627027027027",273,169,292,183,"0,76735974082087"
322,1319,"180,888347648318","0,782414795561255","0,818746120422098","0,593342330184435","56,5007516215404","35,1862751693928","40,9805192683753","279,735405610311","455,479150871873",262,430,301,487,"0,506563012908731"
323,343,"89,39696961967","0,578048892767796","0,849009900990099","0,527692307692308","24,7785330114782","20,2193357369794","20,8978746250465","287,539358600583","152,997084548105",277,141,302,167,"0,539334732743634"
324,184,"53,4558441227157","0,532401330207719","0,910891089108911","0,676470588235294","17,0286425055711","14,4146108339754","15,3060797146516","286,771739130435","993,16847826087",279,985,295,1002,"0,809165398563784"
325,454,"105,39087296526","0,931937056124125","0,851782363977486","0,675595238095238","42,0685464637128","15,2548997423643","24,0426860668637","296,116740088106","5,67621145374449",278,0,320,16,"0,513641035925177"
326,1630,"168,509667991878","0,356329526718986","0,911633109619687","0,63921568627451","48,7306772652901","45,5320127888369","45,5563437725013","292,011042944785","746,123312883436",271,720,322,770,"0,721352967246721"
327,370,"76,0771644662754","0,712391142084845","0,925","0,778947368421053","26,260585953459","18,429223092773","21,704806646271","294,048648648649","77,3945945945946",286,66,305,91,"0,803346588067085"
328,228,"59,3553390593274","0,824974137054145","0,942148760330579","0,660869565217391","22,8455153832001","12,9116109299024","17,0381517835597","290,820175438596","604,206140350877",284,593,299,616,"0,813251982526943"
329,241,"60,2842712474619","0,671114186479406","0,945098039215686","0,667590027700831","20,9785544146776","15,5525351643141","17,5171553136111","292,124481327801","1180,47302904564",282,1170,301,1189,"0,833333567643722"
330,948,"148,752308678997","0,791809450800965","0,857142857142857","0,541714285714286","46,217379505486","28,2281056700256","34,7423529486552","295,503164556962","353,925105485232",280,330,315,380,"0,53838229780842"
331,611,"98,6690475583121","0,815148906869032","0,948757763975155","0,67964404894327","37,0282289605019","21,4486558693474","27,891743614073","296,89852700491","793,852700490998",283,779,314,808,"0,788658888248189"
332,296,"69,3553390593274","0,862804472126279","0,933753943217666","0,644880174291939","27,5775329393072","13,9414846674093","19,4133692398205","296,25","977,02027027027",288,964,305,991,"0,773288900712854"
333,270,"60,9705627484771","0,3920682657188","0,957446808510638","0,835913312693498","19,5653717591186","17,998892290224","18,5411616971131","295,866666666667","56,8851851851852",287,49,306,66,"0,912710866510577"
334,737,"119,39696961967","0,590197372162949","0,851039260969977","0,587719298245614","35,4803108333705","28,6417995576318","30,6329486740962","295,500678426052","519,377204884668",277,502,315,535,"0,649666904553854"
335,415,"78,4264068711929","0,584172834093409","0,945330296127563","0,665064102564102","25,8407668666462","20,973123193736","22,9868312532435","295,534939759036","545,479518072289",284,535,310,559,"0,847877917503629"
336,1170,"133,882250993909","0,617539502098505","0,956663941128373","0,687426556991774","44,0010974182469","34,6086173382657","38,5965058954841","296,962393162393","1023,72991452991",276,1006,322,1043,"0,820256564044641"
337,410,"103,154328932551","0,674116291170365","0,755064456721915","0,523627075351213","29,2415246338753","21,5985277708767","22,8479367414525","299,685365853659","393,619512195122",285,377,312,406,"0,484193332207502"
338,504,"139,539105243401","0,950077131238255","0,700973574408901","0,446808510638298","52,0247345325139","16,2325045875946","25,3320494738685","306,839285714286","1376,85317460317",286,1364,333,1388,"0,325273387624458"
339,662,"122,225396744416","0,729891833942997","0,808302808302808","0,472857142857143","39,6932766853837","27,1328418125117","29,032474552037","298,791540785498","895,59667673716",280,880,320,915,"0,556858614033087"
340,648,"100,083261120685","0,805280884853795","0,950146627565982","0,75","37,5196073628297","22,2451311427734","28,7238441889032","302,978395061728","855,344135802469",292,838,316,874,"0,81294651548355"
341,176,"59,5979797464467","0,585219836872955","0,811059907834101","0,578947368421053","17,7609415316378","14,4018977356834","14,9696412740382","304,886363636364","480,284090909091",295,474,314,490,"0,622672169581571"
342,430,"96,4264068711929","0,810435896401808","0,811320754716981","0,570291777188329","32,6565930742196","19,1311246508753","23,3985684227929","308,458139534884","568,660465116279",293,557,322,583,"0,581147470225954"
343,205,"73,254833995939","0,921263728503467","0,756457564575646","0,41","28,6195475583425","11,1312433741646","16,1559310060024","301,90243902439","1078,41951219512",289,1070,314,1090,"0,480055166455278"
344,464,"96,9472221513642","0,762628289785441","0,862453531598513","0,623655913978495","31,4592535435047","20,3490088694033","24,306031118986","309,424568965517","1159,66163793103",293,1147,324,1171,"0,620379024064245"
345,181,"53,4558441227157","0,804303624336749","0,918781725888325","0,696153846153846","20,2286904366087","12,0202630096775","15,1807890966532","309,834254143646","924,950276243094",304,914,317,934,"0,795972484456765"
346,438,"82,1837661840736","0,829832470216454","0,943965517241379","0,695238095238095","31,8279749591033","17,7604113338946","23,6152264565471","311,422374429224","1305,22146118721",302,1290,323,1320,"0,814914218695966"
347,230,"61,5979797464467","0,745842573651117","0,881226053639847","0,550239234449761","21,7955023401368","14,5184691140612","17,1127173554958","312,408695652174","330,465217391304",302,322,324,341,"0,761736494028146"
348,299,"85,8111831820431","0,845915838653378","0,743781094527363","0,542649727767695","28,528024474637","15,2144636169992","19,5114997854038","313,096989966555","1092,92642140468",304,1079,323,1108,"0,510262052970527"
349,1140,"144,02438661764","0,422553504353142","0,910543130990415","0,695970695970696","40,7107914318707","36,8977365147711","38,0984655989987","311,79298245614","1338,88596491228",289,1321,331,1360,"0,690625558809621"
350,459,"103,982756057297","0,876159192190166","0,806678383128295","0,493548387096774","37,5944645202399","18,1213535742519","24,1747171862142","315,714596949891","410,897603485839",304,398,335,428,"0,533457593111755"
351,583,"92,9472221513642","0,523768953703969","0,934294871794872","0,670114942528736","29,8014333135757","25,3866598893758","27,2451583695269","314,569468267582","91,6192109777015",300,78,330,107,"0,848019012274295"
352,287,"69,3553390593274","0,797889601352652","0,899686520376176","0,629385964912281","24,9377766389858","15,0325816142409","19,1159553603526","312,808362369338","130,128919860627",301,122,325,141,"0,749776738191179"
353,303,"68,2842712474619","0,78013373826147","0,940993788819876","0,731884057971014","25,0401297112996","15,6654251587829","19,6415778911663","316,752475247525","1178,19141914191",306,1170,329,1188,"0,81660330794576"
354,552,"101,497474683058","0,861551936658103","0,878980891719745","0,630857142857143","38,4729385621719","19,5315351799669","26,510907730476","318,711956521739","296,661231884058",308,279,333,314,"0,673346284416166"
355,156,"51,1126983722081","0,724593266846948","0,896551724137931","0,577777777777778","17,5932727810334","12,1248746196332","14,0934512798919","319,442307692308","471,089743589744",310,463,328,478,"0,750372387260837"
356,401,"80,5269119345812","0,806476632529077","0,926096997690531","0,742592592592593","30,0254046247468","17,7529998353244","22,5957752121674","317,84289276808","985,359102244389",309,970,327,1000,"0,777091478709398"
357,784,"128,669047558312","0,804044536732634","0,828752642706131","0,614420062695925","44,4672734015655","26,4388655395032","31,5946166786744","319,973214285714","442,063775510204",301,429,345,458,"0,595083288470754"
358,477,"87,7401153701776","0,566777069530139","0,924418604651163","0,657931034482759","27,4114228200404","22,5834818002333","24,6441729996905","318,316561844864","500,67714884696",307,488,332,517,"0,778631269491659"
359,449,"84,6690475583121","0,720402949720266","0,947257383966245","0,616758241758242","29,3806093980831","20,3770908338615","23,909925879979","320,706013363029","636,694877505568",309,625,335,653,"0,787058214836184"
360,225,"67,698484809835","0,816977439273585","0,795053003533569","0,551470588235294","24,5188560348669","14,1392796706788","16,9256875064327","324,084444444444","185,991111111111",315,177,339,194,"0,616928004502843"
361,509,"123,01828996323","0,813088695227101","0,714887640449438","0,523662551440329","37,7208692089253","21,9588201302437","25,4573943731521","318,023575638507","721,16699410609",305,702,332,738,"0,422657203164983"
362,578,"99,1543289325507","0,859934843514964","0,955371900826446","0,583838383838384","38,5568437461762","19,6795605406011","27,1280750672974","325,294117647059","786,387543252595",312,769,342,802,"0,738778661839436"
363,800,"127,432503525603","0,756978588891411","0,871459694989107","0,634920634920635","41,2653633644254","26,9644258496624","31,9153824321146","327,2375","214,88625",312,196,342,238,"0,619069517795327"
364,1359,"178,302561210692","0,414646248337766","0,80414201183432","0,604","45,7409555126392","41,6234775555783","41,5972660314964","330,24944812362","154,726269315673",307,134,357,179,"0,537172977743391"
365,878,"119,154328932551","0,532343006447902","0,932059447983015","0,679566563467492","37,0321963824246","31,3488188895148","33,4350761966751","327,47722095672","606,282460136674",307,589,345,623,"0,777113994162725"
366,256,"71,840620433566","0,494338385512178","0,815286624203822","0,641604010025063","20,1383001681114","17,5056112413362","18,0540666735282","328,94921875","60,19140625",321,50,340,71,"0,623318017403549"
367,572,"91,7401153701776","0,538425997152086","0,950166112956811","0,706172839506173","29,7213457379282","25,0453695927328","26,9869045944234","327,832167832168","1139,94230769231",315,1126,342,1156,"0,854057928828017"
368,222,"67,3553390593274","0,91442606587943","0,8671875","0,548148148148148","27,4147305020455","11,0961937047673","16,8124709347319",332,"974,256756756757",325,961,340,988,"0,614920235928926"
369,468,"96,7045814642449","0,365914449787661","0,829787234042553","0,692307692307692","26,1655416484367","24,3509218743139","24,4105736707693","330,42094017094","1035,37606837607",318,1023,344,1049,"0,62887107214886"
370,290,"71,840620433566","0,78646702388511","0,900621118012422","0,575396825396825","25,3024403189195","15,6276036383406","19,2156048037317","332,327586206897","1318,41724137931",323,1306,344,1330,"0,706102441589958"
371,322,"81,6335136523794","0,850243758064054","0,863270777479893","0,670833333333333","28,6201377333457","15,0653303722069","20,2480402361493","336,518633540373","1185,91925465839",329,1173,345,1203,"0,607195796405053"
372,270,"62,2842712474619","0,651330234831216","0,934256055363322","0,714285714285714","21,6021960116031","16,391625129616","18,5411616971131","337,944444444444","376,7",330,367,348,388,"0,874614863088294"
373,708,"105,01219330882","0,383965259017579","0,926701570680628","0,736732570239334","31,8104617448936","29,3721116026062","30,0242168536083","338,165254237288","683,954802259887",321,669,352,700,"0,806795863735063"
374,623,"102,225396744416","0,632759773393999","0,931240657698057","0,618055555555556","32,7809930273749","25,3839015549586","28,1643078446818","339,049759229534","946,272873194221",321,933,357,961,"0,749169867409458"
375,474,"98,4264068711929","0,852730892456889","0,846428571428571","0,564285714285714","35,3020478756188","18,4400416897617","24,5665533643706","339,392405063291","355,594936708861",321,343,356,367,"0,614844005790745"
376,802,"144,746212024587","0,746175305542679","0,796425024826216","0,607575757575758","41,8258030794646","27,8455080102097","31,955251757381","344,869077306733","917,013715710723",327,900,367,933,"0,481027403189799"
377,385,"84,3259018078045","0,773517009711056","0,876993166287016","0,663793103448276","28,7641477060863","18,2300132583484","22,1403980253978","341,122077922078","498,355844155844",332,485,352,514,"0,680375403356298"
378,715,"123,740115370178","0,606012260808701","0,837236533957845","0,654761904761905","35,1411408265855","27,953206838969","30,1722765877161","343,766433566434","1079,1958041958",327,1065,366,1093,"0,586806441604531"
379,447,"79,7989898732233","0,706261940304558","0,969631236442516","0,871345029239766","28,5703626352209","20,2264057660595","23,8566149421207","341,487695749441","1101,55928411633",328,1093,355,1112,"0,882109703161791"
380,1979,"205,823376490863","0,36106824372885","0,867601928978518","0,619987468671679","53,5939506813214","49,9784703481456","50,1970224120006","342,686710459828","829,024759979788",315,800,372,856,"0,587038062927652"
381,629,"108,325901807805","0,711248786484164","0,872399445214979","0,634072580645161","35,5336856066327","24,9780621065027","28,2996055385657","341,441971383148","1295,78060413355",324,1284,356,1315,"0,673590390828326"
382,204,"53,556349186104","0,476226890895471","0,948837209302326","0,796875","17,4685769878163","15,3605116896011","16,1164781241428","344,823529411765","26,3333333333333",338,18,354,34,"0,893754213972296"
383,432,"93,6396103067893","0,731334706082675","0,865731462925852","0,533333333333333","30,6573332409411","20,9088754733665","23,4529205713402","343,148148148148","582,680555555556",332,566,359,596,"0,619119403927839"
384,197,"67,4913780286484","0,84067815947214","0,778656126482213","0,518421052631579","23,7132447849544","12,8415536777578","15,8375563239039","348,345177664975","1197,63959390863",339,1187,359,1206,"0,543474909633221"
385,212,"58,5269119345812","0,819838951713655","0,917748917748918","0,623529411764706","22,1642517088822","12,6911214993333","16,4294486664603","344,320754716981","1057,13679245283",335,1048,355,1065,"0,777740124034611"
386,745,"115,39696961967","0,748427042626537","0,917487684729064","0,682234432234432","38,4064064279966","25,4717866546299","30,7987574559055","346,134228187919","321,523489932886",325,310,367,336,"0,70303561815242"
387,576,"100,083261120685","0,783832459147263","0,9216","0,642857142857143","35,1951394083567","21,8552088952153","27,0811000102923","346,131944444444","296,402777777778",330,282,362,310,"0,722619124874267"
388,331,"78,8050865276332","0,863237087360929","0,864229765013055","0,530448717948718","30,4585985981988","15,3754610812692","20,5290596303713","351,513595166163","1247,3836858006",341,1237,367,1261,"0,669775654365257"
389,601,"114,053823869162","0,787987918373851","0,861031518624642","0,626041666666667","36,5276367415786","22,4897263068622","27,6625553119344","347,206322795341","1338,1697171381",330,1326,370,1350,"0,580583427907147"
390,636,"119,77564927611","0,873130096224586","0,830287206266319","0,504761904761905","42,0872189725557","20,5169833344191","28,456639830654","354,545597484277","198,683962264151",338,181,374,216,"0,557095835781806"
391,454,"90,4264068711928","0,725512877971863","0,890196078431372","0,646723646723647","29,9908131653942","20,6399352534323","24,0426860668637","347,73127753304","249,376651982379",334,236,360,263,"0,697710354467957"
392,475,"85,8406204335659","0,536197867278867","0,933202357563851","0,761217948717949","27,1159403040669","22,8883569994751","24,5924537968297","352,029473684211","1028,96631578947",341,1017,365,1043,"0,810061100722045"
393,248,"65,3553390593274","0,589246379900889","0,870175438596491","0,652631578947368","20,4784149853999","16,5456051053376","17,7697328931619","352,153225806452","480,084677419355",343,470,362,490,"0,729624486503364"
394,651,"104,461940777126","0,757593135246917","0,916901408450704","0,715384615384615","36,0244886028235","23,5141592669473","28,7902577901378","355,059907834101","44,7142857142857",338,33,373,59,"0,749677837468857"
395,174,"59,8345237791561","0,838251134091924","0,848780487804878","0,630434782608696","21,0726732061003","11,4905991793507","14,8843434784312","355,051724137931","760,701149425287",345,755,368,767,"0,61073869197229"
396,536,"107,882250993909","0,826735665560172","0,861736334405145","0,494009216589862","36,6578840604574","20,6233795574886","26,1238664056079","354,14552238806","655,457089552239",339,640,370,675,"0,578728212830112"
397,939,"142,367532368147","0,793254412622026","0,820087336244541","0,587609511889862","46,7328147953619","28,4551591334117","34,5770434321143","352,94249201278","735,316293929713",337,709,371,756,"0,58217498570369"
398,676,"123,39087296526","0,567499613586317","0,849246231155779","0,630009319664492","35,259625983336","29,0318473945724","29,3378583444833","357,304733727811","1375,82396449704",341,1359,378,1388,"0,557943839094126"
399,309,"69,5979797464467","0,731832417566906","0,944954128440367","0,677631578947368","24,5065655320355","16,7008479540347","19,8350956469377","357,326860841424","573,271844660194",349,562,368,586,"0,80163205818287"
400,428,"78,1837661840736","0,669017088701889","0,961797752808989","0,720538720538721","27,2699645620062","20,2683199381532","23,344089726238","361,130841121495","688,855140186916",352,675,374,702,"0,879873948296195"
401,235,"62,2842712474619","0,559646869328576","0,896946564885496","0,734375","19,307827899078","16,0009991488544","17,297725082009","358,48085106383","773,829787234043",349,766,369,782,"0,76123886231759"
402,331,"76,7695526217005","0,744459893448972","0,894594594594595","0,606227106227106","26,0288103493198","17,3785824786936","20,5290596303713","356,311178247734","139,501510574018",345,126,366,152,"0,705764546771466"
403,1707,"198,066017177982","0,608228249418392","0,850099601593625","0,587203302373581","53,7638276696648","42,6756929956333","46,6199517681317","360,327475102519","86,0574106619801",338,59,389,116,"0,546793631714271"
404,843,"134,124891681028","0,771553948665711","0,861082737487232","0,587456445993031","42,6190524146707","27,1127024857089","32,7618823667344","356,76393831554","401,635824436536",335,386,376,421,"0,588868970084177"
405,737,"142,468037431535","0,855312939648141","0,752808988764045","0,572204968944099","46,161124569866","23,9166205776929","30,6329486740962","361,029850746269","515,202170963365",347,490,375,536,"0,456291594374156"
406,738,"139,882250993909","0,726822698033986","0,740220661985958","0,465909090909091","40,0087099301652","27,4789875859956","30,6537238197017","364,79674796748","439,940379403794",349,420,385,464,"0,473959247271212"
407,539,"116,225396744416","0,903845766677396","0,850157728706625","0,6125","42,6333802714721","18,2410508464894","26,1968722295669","356,638218923933","1000,12059369202",335,991,379,1011,"0,501414114014984"
408,300,"74,2842712474619","0,736857834268862","0,882352941176471","0,757575757575758","24,5307136653187","16,583933267645","19,5441004761168","365,38","1168,99666666667",357,1158,375,1180,"0,683183524489179"
409,363,"80,1837661840736","0,832478923800841","0,914357682619647","0,650537634408602","29,6090182518471","16,4050753333073","21,4985105237285","366,140495867769","10,1487603305785",351,0,382,18,"0,709485603088535"
410,171,"53,2132034355964","0,691547721046485","0,868020304568528","0,633333333333333","18,5034543627412","13,3656145428666","14,7554722780978","369,72514619883","801,93567251462",364,795,379,813,"0,758869618179708"
411,190,"71,0121933088198","0,900871071340575","0,775510204081633","0,56547619047619","25,5545360664075","11,0928856941499","15,5536334500875","372,615789473684","544,547368421053",367,533,381,557,"0,473475609414675"
412,429,"82,5685424949238","0,861113353198024","0,944933920704846","0,567460317460317","32,9651463550718","16,7599094198554","23,3713449482777","371,477855477855","634,407925407925",359,621,386,649,"0,790747667012998"
413,243,"64,4264068711929","0,84438271555552","0,906716417910448","0,5625","24,713491289259","13,2400169421848","17,5896904285051","374,530864197531","608,251028806584",366,597,384,621,"0,735678926216731"
414,242,"70,4264068711929","0,694373377902257","0,796052631578947","0,501035196687371","22,9805744359876","16,5371638985794","17,553460337663","374,082644628099","720,099173553719",365,711,386,734,"0,61313226000656"
415,312,"80,7695526217005","0,692582994230472","0,8","0,594285714285714","25,782077256958","18,5975971529635","19,9311499406675","373,022435897436","1056,93269230769",358,1048,383,1069,"0,600992570592891"
416,1238,"162,953318805774","0,82597723101083","0,870604781997187","0,608353808353808","55,2771968105508","31,1599482306582","39,7022739447268","373,168820678514","1133,09612277868",355,1104,392,1159,"0,585873815808632"
417,289,"70,7695526217005","0,698511178711379","0,847507331378299","0,698067632850242","23,6588164447867","16,930228768199","19,1824458406237","373,643598615917","302,442906574394",364,291,382,314,"0,725128219057858"
418,1231,"191,758405333407","0,725282311631247","0,749695493300853","0,499594155844156","51,985467826261","35,7894771007226","39,5898709213479","371,27863525589","1218,83265637693",351,1193,395,1249,"0,420687006147688"
419,1627,"167,095454429505","0,746274712689643","0,929183323814963","0,648724082934609","56,3489590382637","37,5080128895793","45,5144014492568","378,551321450522","237,442532267978",359,210,403,267,"0,732264778705565"
420,165,"46,8700576850888","0,320385572018112","0,9375","0,733333333333333","14,9610600409059","14,1724210381087","14,4942928382623","377,387878787879","811,70303030303",370,805,385,820,"0,943849678408213"
421,2128,"211,722871427474","0,712905920662452","0,842438638163104","0,555903866248694","65,2798042214309","45,7780950605257","52,052413500206","377,514567669173","963,946898496241",350,929,408,995,"0,596548745773984"
422,359,"78,5269119345812","0,834473557844082","0,911167512690355","0,703921568627451","29,2524882894289","16,1195247144957","21,3797333135828","379,072423398329","1307,16713091922",372,1292,389,1322,"0,731589180788281"
423,428,"87,1482322781408","0,624992689901878","0,893528183716075","0,660493827160494","27,4599027886884","21,4360404586959","23,344089726238","379,60046728972","26,1822429906542",365,16,392,40,"0,708168277369695"
424,691,"110,468037431535","0,726635558660901","0,922563417890521","0,571546732837055","36,9798061015888","25,4059816969537","29,6615664692881","382,470332850941","573,998552821997",369,554,400,593,"0,711565092409037"
425,719,"123,254833995939","0,564821264344261","0,851895734597156","0,665740740740741","35,2828816533187","29,1159021091079","30,2565568540867","384,119610570236","1082,83866481224",371,1063,401,1099,"0,594745044597716"
426,227,"60,2842712474619","0,676842042938698","0,88671875","0,66374269005848","20,4406062054075","15,0469083477725","17,0007463558187","385,052863436123","1358,47577092511",377,1349,395,1368,"0,784924148776452"
427,386,"92,0832611206852","0,883010899368079","0,844638949671772","0,510582010582011","34,1514479745278","16,0290668430018","22,1691331420011","387,396373056995","105,743523316062",375,92,403,119,"0,572052365638564"
428,744,"115,053823869162","0,73677708693896","0,887828162291169","0,641379310344828","38,772625554666","26,2155574484151","30,7780802078843","385,850806451613","1185,93817204301",370,1168,399,1208,"0,706286142064167"
429,194,"52,6274169979695","0,788953568249763","0,946341463414634","0,746153846153846","20,1555594012579","12,3846402986756","15,7165031631919","386,525773195876","127,237113402062",380,118,393,138,"0,88021240328225"
430,785,"124,39696961967","0,814966182106385","0,859802847754655","0,575091575091575","43,2865568151904","25,0849283739209","31,6147598854887","383,675159235669","152,587261146497",363,135,402,170,"0,637470246418119"
431,790,"148,752308678997","0,866864497545234","0,782178217821782","0,448863636363636","50,1069472885002","24,9805090321373","31,7152840179743","390,00253164557","368,688607594937",370,351,414,391,"0,44865191484035"
432,511,"86,6690475583122","0,683478781939301","0,935897435897436","0,675925925925926","30,1206543067187","21,9871854486968","25,5073598665105","389,252446183953","656,872798434442",376,645,404,672,"0,854875195888958"
433,248,"80,9116882454314","0,870796024851152","0,782334384858044","0,46969696969697","28,205465288927","13,867060982072","17,7697328931619","386,616935483871","918,564516129032",374,908,398,930,"0,476035146871866"
434,609,"111,633513652379","0,739358248005458","0,878787878787879","0,746323529411765","35,2490105629293","23,7335904843014","27,8460568616764","386,683087027915","1035,77996715928",368,1024,402,1048,"0,61409840303827"
435,385,"100,669047558312","0,848649204691264","0,74468085106383","0,507246376811594","35,1902585136392","18,6141009583247","22,1403980253978","391,205194805195","417,6",382,405,405,438,"0,477395888170224"
436,207,"67,7340187157677","0,870127251779793","0,778195488721805","0,5175","24,9793422681538","12,3104971955326","16,234549139418","395,183574879227","446,690821256039",384,438,409,454,"0,56697841123322"
437,857,"123,539105243401","0,661757066488316","0,91559829059829","0,579054054054054","39,1018618376953","29,315382833657","33,0328062664684","393,723453908985","515,432905484247",374,494,411,534,"0,705637711565044"
438,472,"85,698484809835","0,164937941562582","0,936507936507936","0,728395061728395","25,2189863864553","24,8735858067429","24,5146704060038","394,495762711864","731,33686440678",382,719,409,743,"0,807617229953451"
439,440,"85,254833995939","0,761336626487258","0,905349794238683","0,698412698412698","29,8772105672011","19,3710926607635","23,6690810908128","397,504545454545","342,95",383,333,413,354,"0,760719439342817"
440,466,"93,9827560572969","0,823849975039009","0,885931558935361","0,647222222222222","33,0151215255875","18,713232373673","24,3583584801313","396,274678111588","801,497854077253",384,788,408,818,"0,66297847367149"
441,585,"102,225396744416","0,543441890458648","0,919811320754717","0,539170506912442","31,6331093297131","26,5543120554068","27,2918510488034","395,617094017094","884,923076923077",377,868,412,899,"0,703474113057035"
442,410,"83,3553390593274","0,826407406058677","0,907079646017699","0,696095076400679","30,9007355925546","17,3993588035702","22,8479367414525","396,4","1343,5512195122",387,1329,406,1360,"0,741526841287726"
443,296,"76,7695526217005","0,774385770252964","0,8268156424581","0,569230769230769","26,4428965189673","16,7307839956806","19,4133692398205","394,925675675676","286,523648648649",380,279,406,299,"0,6311368756627"
444,209,"56,7695526217005","0,591738607736305","0,920704845814978","0,580555555555556","18,7869947424223","15,1447582447502","16,312788383647","397,043062200957","628,77990430622",386,620,406,638,"0,814939196303072"
445,748,"148,811183182043","0,835194735450593","0,829268292682927","0,566666666666667","44,6873502904715","24,5760013330235","30,8607060752327","406,171122994652","755,92513368984",386,741,426,774,"0,424463472259119"
446,270,"71,9411254969543","0,82116939561155","0,879478827361563","0,635294117647059","26,1178369646745","14,9050453052458","18,5411616971131","397,385185185185","1310,35925925926",388,1301,405,1326,"0,655570152464143"
447,256,"60,2842712474619","0,766433624317574","0,955223880597015","0,727272727272727","22,6650500623836","14,5582946518349","18,0540666735282","407,359375","159,546875",400,149,416,171,"0,885200802144369"
448,218,"62,278174593052","0,880328791760735","0,919831223628692","0,825757575757576","24,7809352490978","11,7551839316017","16,6603187470188","405,963302752294","1033,26146788991",401,1022,412,1046,"0,706308785448845"
449,195,"63,0121933088198","0,949421504225365","0,906976744186046","0,446224256292906","28,5830370488206","8,97520140562524","15,7569575497098","402,866666666667","75,348717948718",391,66,414,85,"0,617156463956779"
450,486,"111,195959492893","0,539668482244081","0,787682333873582","0,558620689655172","28,9503141209126","24,3726215884594","24,8755787619362","406,390946502058","189,411522633745",391,176,421,205,"0,493933087955187"
451,421,"88,4974746830583","0,872396270825357","0,884453781512605","0,598011363636364","33,7899044987384","16,516481353919","23,1524048067043","411,323040380048","528,125890736342",400,512,422,544,"0,675507544248669"
452,1507,"164,78174593052","0,836929534047599","0,916666666666667","0,660964912280702","60,0125408445943","32,8455031454543","43,803789720935","407,750497677505","677,030524220305",387,647,427,704,"0,697436891779293"
453,604,"123,78174593052","0,599981259287862","0,835408022130014","0,639153439153439","32,7713932763991","26,2175752293153","27,7315106876643","410,948675496689","911,975165562914",397,894,424,929,"0,495374440093852"
454,181,"54,3553390593274","0,569545664651078","0,900497512437811","0,591503267973856","17,5103653136474","14,3928144864512","15,1807890966532","408,723756906077","140,889502762431",400,131,417,149,"0,769846288971546"
455,244,"71,840620433566","0,692662348392069","0,829931972789116","0,513684210526316","23,5505102524232","16,9860881008023","17,6258460482151","409,545081967213","478,959016393443",399,469,424,488,"0,594099985337758"
456,577,"105,840620433566","0,835543707657429","0,852289512555391","0,600416233090531","38,3835234343519","21,0888283093575","27,1045977153727","405,100519930676","594,987868284229",389,581,420,612,"0,647263210674667"
457,419,"86,0832611206852","0,770679378084288","0,882105263157895","0,643625192012289","29,3840882452085","18,7242201947508","23,0973455021142","412,496420047733","1303,44391408115",402,1289,423,1320,"0,710536618274846"
458,269,"65,9411254969543","0,576785589241291","0,911864406779661","0,674185463659148","21,3805851832869","17,465705474105","18,5067943613625","415,390334572491","559,315985130112",407,551,428,570,"0,777408765341195"
459,747,"116,225396744416","0,746276983633563","0,903264812575574","0,643965517241379","38,5740331169517","25,6762471200307","30,8400703617415","413,471218206158","1198,59170013387",401,1179,430,1219,"0,694909727586628"
460,523,"97,9827560572969","0,772766344603326","0,876046901172529","0,602534562211982","33,5485967471576","21,2929794986514","25,8051212339041","416,904397705545","961,305927342256",405,947,433,978,"0,684561153298707"
461,190,"70,4264068711929","0,878987983797763","0,711610486891386","0,494791666666667","26,2887676637959","12,535639032993","15,5536334500875","419,047368421053","250,094736842105",411,238,427,262,"0,481384832236555"
462,594,"111,053823869162","0,797502643323009","0,867153284671533","0,563567362428843","36,7164897356888","22,1516255785532","27,5009870654252","417,739057239057","828,385521885522",403,811,434,845,"0,605242302769135"
463,271,"73,254833995939","0,739854810716985","0,821212121212121","0,579059829059829","23,4630050712692","15,7851254672203","18,5754654483603","421,760147601476","722,867158671587",413,711,431,737,"0,634609512728684"
464,515,"89,7340187157677","0,38045988649283","0,938069216757741","0,707417582417582","27,1725666813717","25,1291196605993","25,6069983703403","421,932038834952","1029,47766990291",411,1016,437,1044,"0,803716449710802"
465,1501,"196,852813742386","0,710135283315113","0,802673796791444","0,555308916019238","56,403310955524","39,7116113542386","43,7165021090146","417,318454363758","1250,92938041306",386,1227,437,1280,"0,48675150458434"
466,211,"61,1126983722081","0,852422964985091","0,882845188284519","0,602857142857143","23,3042833031447","12,1847106305444","16,3906541644658","421,848341232228","1349,4028436019",415,1337,429,1362,"0,709952674084479"
467,1364,"223,17871555019","0,837137470282096","0,700564971751412","0,430555555555556","62,7467708121558","34,322016520346","41,6737176049697","423,957478005865","32,7221407624633",396,0,444,66,"0,344126951142103"
468,854,"126,367532368147","0,854473034261654","0,912393162393162","0,562953197099539","46,8670278611399","24,3472217642573","32,9749385322221","419,053864168618","1124,15807962529",401,1103,438,1144,"0,672042478552533"
469,290,"77,9411254969543","0,860335938374837","0,889570552147239","0,584677419354839","28,8249123613506","14,6928490703867","19,2156048037317","423,531034482759","294,668965517241",407,288,438,304,"0,599893997159357"
470,797,"115,39696961967","0,791757032732177","0,940968122786305","0,61687306501548","42,1625339904547","25,7543999015059","31,8554848833592","429,352572145546","368,75156838143",414,355,452,389,"0,752106560627488"
471,150,"51,1126983722081","0,765424593227053","0,872093023255814","0,607287449392712","18,3084231830837","11,7819389318383","13,8197659788534","431,253333333333","197,506666666667",423,192,442,205,"0,721511910827728"
472,306,"68,4264068711929","0,654088114108948","0,924471299093656","0,612","23,0478970561411","17,4338525480538","19,7385739274386","431,967320261438","152,176470588235",420,144,445,164,"0,821265954676836"
473,669,"120,468037431535","0,674634864467129","0,83729662077597","0,688271604938272","36,1420828665366","26,6783366640276","29,1855658747235","435,49177877429","1325,95665171898",419,1313,455,1340,"0,579285037770443"
474,408,"78,6274169979695","0,646001262704825","0,955503512880562","0,784615384615385","26,6528538745336","20,3450919379509","22,792141940852","428,938725490196","338,620098039216",418,325,438,351,"0,829319752616116"
475,565,"102,426406871193","0,70832648448378","0,8828125","0,713383838383838","33,1643661739184","23,4102276336543","26,8212666139272","433,771681415929","470,30796460177",422,455,446,488,"0,676759617146101"
476,194,"53,698484809835","0,584973959512579","0,923809523809524","0,680701754385965","17,6951009392234","14,351648315878","15,7165031631919","434,79381443299","443,541237113402",426,436,445,451,"0,845449225957339"
477,1665,"168,267027304759","0,785071470738389","0,928611266034579","0,642361111111111","59,3650576257589","36,7710246271447","46,0428478917632","440,920720720721","1080,36156156156",416,1055,470,1103,"0,738968723076564"
478,572,"109,154328932551","0,810152022663597","0,855007473841554","0,512544802867383","36,8170549608061","21,5828880484376","26,9869045944234","435,673076923077","1142,33916083916",418,1127,454,1158,"0,60328699701464"
479,723,"112,568542494924","0,700341797345607","0,90375","0,704678362573099","36,5947135055848","26,1215865957556","30,3406030072496","437,716459197787","1364,75933609958",425,1345,452,1383,"0,716991612607179"
480,858,"125,154328932551","0,72071847896101","0,908898305084746","0,702702702702703","40,6924707454345","28,209154653756","33,0520729967542","435,994172494173","596,7331002331",419,580,456,613,"0,688343792120378"
481,242,"78,0832611206852","0,788726184538842","0,790849673202614","0,523809523809524","24,2608863769027","14,9142505211928","17,553460337663","441,438016528926","496,942148760331",434,487,455,509,"0,498780359155315"
482,591,"96,5624458405139","0,492821470320151","0,919129082426128","0,703571428571429","29,9319499537206","26,0447010546466","27,4314522207353","441,763113367174","640,641285956007",427,626,457,654,"0,79649092120502"
483,585,"97,5918830920368","0,380323921486914","0,933014354066986","0,866666666666667","29,0838793951464","26,8983232225929","27,2918510488034","449,793162393162","339,234188034188",438,327,463,354,"0,771859642562582"
484,970,"163,580735803744","0,860183174853282","0,779116465863454","0,548642533936652","51,9606154080302","26,4991449163981","35,1431694414876","446,632989690722","854,161855670103",422,838,474,872,"0,455530314488081"
485,688,"104,562445840514","0,418077598548597","0,932249322493225","0,792626728110599","31,6287627822639","28,7319260669675","29,5971080813277","445,287790697674","80,6671511627907",431,68,462,96,"0,790763901610635"
486,154,"49,698484809835","0,739393501463687","0,88","0,566176470588235","17,9636567597173","12,0944546489453","14,0028172125903","445,435064935065","770,558441558442",438,762,454,779,"0,783509538967295"
487,384,"77,8406204335659","0,761058881638491","0,927536231884058","0,6144","28,0170282403054","18,1741644057112","22,1116255661655","448,4921875","698,690104166667",437,686,462,711,"0,796394974257335"
488,1597,"178,651803615609","0,530868172160376","0,875548245614035","0,579462989840348","50,5568976195963","42,8446660452471","45,0928326116474","446,867877269881","804,639949906074",422,780,475,832,"0,628781810716492"
489,336,"78,1837661840736","0,599360053219175","0,888888888888889","0,592592592592593","24,6467654403272","19,7292319647538","20,6835317833056","450,110119047619","660,732142857143",437,653,464,674,"0,690742165017573"
490,378,"77,1126983722081","0,653278134900878","0,91970802919708","0,726923076923077","25,5343766064124","19,332536358894","21,9381983742944","445,089947089947","111,486772486772",435,99,455,125,"0,798821716437346"
491,311,"70,4264068711929","0,795489976722529","0,91740412979351","0,614624505928854","26,0529150973767","15,7872001784101","19,8991833604456","454,360128617363","48,3922829581994",443,37,466,59,"0,787950962239835"
492,626,"102,704581464245","0,699045721774768","0,894285714285714","0,662433862433862","33,8177930198241","24,182325102892","28,2320377409108","451,161341853035","276,800319488818",438,258,465,293,"0,74576940574272"
493,183,"55,9411254969543","0,764356016028585","0,871428571428571","0,580952380952381","20,2221879014946","13,0391544945371","15,2644304409478","449,983606557377","557,027322404372",440,549,461,564,"0,734849755635851"
494,1406,"166,545201897811","0,525541653924555","0,87383467992542","0,600854700854701","47,9944046392381","40,8320974453702","42,3104573350093","450,095305832148","908,099573257468",423,883,475,928,"0,636987535216153"
495,961,"149,78174593052","0,672822045919644","0,792904290429043","0,601376720901126","43,1842992096747","31,9479329395399","34,9797541799609","452,067637877211","524,996878251821",430,509,477,543,"0,538288962046579"
496,1094,"150,953318805774","0,803983458449848","0,88582995951417","0,607103218645949","49,8068930839211","29,6177517271058","37,3218978877049","450,078610603291","1182,20109689214",433,1154,467,1207,"0,603311848573371"
497,299,"67,9411254969543","0,736953209902298","0,934375","0,679545454545455","24,2017514304175","16,3590228556597","19,5114997854038","451,518394648829","1244,7491638796",440,1236,462,1256,"0,813983456483673"
498,292,"73,7989898732233","0,868459001668181","0,906832298136646","0,802197802197802","28,097530844284","13,9296597990443","19,2817516596047","454,195205479452","409,054794520548",442,403,470,416,"0,673739299372138"
499,156,"54,2842712474619","0,851285018917522","0,838709677419355","0,577777777777778","20,2165114547653","10,6076753517403","14,0934512798919","452,961538461538","1308,76282051282",446,1300,461,1318,"0,665252382455279"
500,380,"78,5269119345812","0,667343173356316","0,906921241050119","0,688405797101449","26,1675415880048","19,4882858467742","21,9961593692936","455,436842105263","302,623684210526",444,292,467,316,"0,774384091085089"
501,639,"121,053823869162","0,833010995258582","0,808860759493671","0,525493421052632","41,3916862782895","22,9002167481683","28,5236755886363","461,97965571205","1114,72613458529",447,1096,479,1134,"0,547966106847282"
502,384,"94,9116882454314","0,773323030894253","0,783673469387755","0,512","30,4226460800388","19,2883292542214","22,1116255661655","456,856770833333","202,6171875",439,190,469,215,"0,53567538620659"
503,421,"84,6274169979695","0,814387819699764","0,93141592920354","0,773897058823529","30,9568054061313","17,9648846990773","23,1524048067043","460,092636579572","422,885985748219",444,415,476,432,"0,738702874212131"
504,666,"117,533008588991","0,509606222460468","0,807272727272727","0,594642857142857","33,7353172197578","29,026128419278","29,1200538597307","460,623123123123","390,537537537538",444,371,476,406,"0,605848987762547"
505,573,"98,5269119345812","0,38229547625956","0,924193548387097","0,787087912087912","28,8635790073124","26,6711054072134","27,0104842447011","464,055846422339","442,841186736475",451,431,477,459,"0,741745198336597"
506,304,"73,2132034355964","0,885771464157519","0,932515337423313","0,804232804232804","29,2700585991416","13,5848681223628","19,6739630374637","461,740131578947","589,582236842105",455,577,469,604,"0,712696503388339"
507,500,"107,840620433566","0,752750593295654","0,8","0,594530321046373","32,3266468327645","21,2808195460071","25,2313252202016","467,01","105,008",454,91,483,120,"0,540275299492022"
508,1124,"142,367532368147","0,542029951860397","0,882953652788688","0,704260651629073","42,2166767567765","35,477171356169","37,8301632071859","468,137900355872","159,072953736655",448,141,490,179,"0,696873997796536"
509,330,"72,1837661840736","0,707472582191334","0,914127423822715","0,683229813664596","24,988409508052","17,6603282977379","20,4980255088778","464,521212121212","1000,3303030303",453,991,476,1012,"0,795874754100105"
510,928,"139,710678118655","0,575582385970318","0,823425022182786","0,613756613756614","40,05575573966","32,755345776263","34,3739188559325","464,338362068966","242,32650862069",441,223,483,259,"0,597445974170136"
511,1155,"168,823376490863","0,614048753811039","0,807127882599581","0,525","46,2439242614922","36,4988540704171","38,3482942797866","469,94025974026","726,78354978355",449,699,493,749,"0,509244895310118"
512,1842,"228,693434175952","0,720968518156204","0,754918032786885","0,50369155045119","63,6665426713995","44,1188651106857","48,4283722770255","474,769815418024","965,86102062975",445,940,514,993,"0,442580319157014"
513,790,"121,497474683058","0,359881807816214","0,866228070175439","0,731481481481482","33,9104608008817","31,6383887697467","31,7152840179743","466,832911392405","1214,69620253165",448,1200,484,1230,"0,672515739246707"
514,923,"137,539105243401","0,500446775965482","0,879047619047619","0,657407407407407","37,9132307493257","32,8240355663069","34,2811916331763","470,577464788732","1270,91332611051",452,1253,491,1289,"0,613139330891421"
515,317,"68,2842712474619","0,731257799319703","0,951951951951952","0,733796296296296","24,642215491117","16,8084844661953","20,0902199012616","472,186119873817","333,353312302839",462,324,486,342,"0,854334153857446"
516,170,"80,2193000900063","0,790794538707957","0,611510791366906","0,44973544973545","24,5424885150937","15,0220078935645","14,7122643602193","466,582352941177","480,694117647059",454,472,475,490,"0,331971689322986"
517,423,"81,1126983722081","0,678551503889109","0,935840707964602","0,755357142857143","27,7440421396307","20,3794646033741","23,2073334836851","470,36170212766","124,34988179669",457,115,485,135,"0,807927764233381"
518,599,"102,7695526217","0,652182037685932","0,90210843373494","0,739506172839506","32,8352472239988","24,8911660428997","27,6164894093432","471,584307178631","623,288814691152",458,609,488,636,"0,712701634011148"
519,258,"67,0060966544099","0,891878451920316","0,921428571428571","0,737142857142857","27,2701543032342","12,3336136011179","18,1244531653143","471,895348837209","819,593023255814",460,813,485,827,"0,722105962570154"
520,1342,"159,195959492893","0,750209639066265","0,861360718870347","0,582718193660443","52,6743317597476","34,8282704479972","41,3362730423848","473,085692995529","1049,8174366617",451,1029,498,1078,"0,665423751119526"
521,531,"94,2842712474619","0,771449795148361","0,931578947368421","0,744740532959327","33,5796164509503","21,3663807342311","26,0017345239577","475,248587570621","643,401129943503",461,634,492,657,"0,750629948560693"
522,893,"137,982756057297","0,733895219183163","0,84484389782403","0,692248062015504","42,7338894369449","29,0275368577448","33,7194738014771","483,531914893617","1187,0313549832",463,1172,506,1202,"0,589402118330005"
523,265,"71,698484809835","0,702457349770869","0,889261744966443","0,599547511312217","23,5274797415013","16,7451152891967","18,3686820255243",477,"1381,05660377358",463,1371,489,1388,"0,647792301042864"
524,315,"104,468037431535","0,833754552637214","0,732558139534884","0,423387096774194","30,6110342081723","16,9014313486251","20,0267435343736","480,339682539683","766,863492063492",464,756,495,780,"0,3627050027728"
525,767,"112,704581464245","0,644887156309554","0,918562874251497","0,727703984819734","36,6613514444391","28,0194570282812","31,2501956923772","476,801825293351","878,99739243807",460,861,491,895,"0,758790852801252"
526,1158,"148,468037431535","0,673750785668128","0,878603945371775","0,662471395881007","46,3660163717823","34,262568625594","38,398064961705","479,094127806563","562,908462867012",460,544,498,590,"0,660164988420035"
527,1001,"224,823376490863","0,904735697783119","0,667778519012675","0,538172043010753","61,0532818814606","26,007072605809","35,7003191061354","481,774225774226","29,7792207792208",469,0,499,62,"0,248863388201068"
528,363,"72,1837661840736","0,68708459023455","0,942857142857143","0,698076923076923","25,3788257572475","18,4396820663188","21,4985105237285","481,104683195592","1304,2782369146",472,1292,492,1318,"0,875462229510116"
529,213,"79,3908729652601","0,900439825856233","0,667711598746082","0,475446428571429","29,9260544432487","13,0172530360246","16,4681517793768","481,469483568075","509,995305164319",472,495,488,523,"0,424666802995133"
530,730,"128,568542494924","0,824000759301747","0,812917594654788","0,533235938641344","42,1671390149564","23,8914242428628","30,4871262610412","478,723287671233","1340,99589041096",457,1323,494,1360,"0,554962046422169"
531,440,"81,254833995939","0,513677229064151","0,944206008583691","0,676923076923077","25,9604729456151","22,2736577128918","23,6690810908128","488,070454545455","704,334090909091",477,693,502,719,"0,837460102128033"
532,253,"80,2193000900063","0,951675314958546","0,846153846153846","0,450980392156863","33,4002023929586","10,2574025377419","17,9479693786789","487,201581027668","842,063241106719",479,826,496,859,"0,494051984698327"
533,352,"93,4974746830583","0,871315914227738","0,796380090497738","0,544891640866873","33,0261528586815","16,2066764848807","21,1702697136049","485,394886363636","1128,35227272727",476,1115,495,1149,"0,50600262001252"
534,192,"65,9411254969543","0,913618888007118","0,824034334763948","0,615384615384615","26,1417056411025","10,6284770680027","15,6352803808934","485,807291666667","307,057291666667",480,293,492,319,"0,554879118756541"
535,309,"68,2842712474619","0,625120284678402","0,925149700598802","0,707093821510298","22,9029120390807","17,8763739710882","19,8350956469377","485,148867313916","919,229773462783",474,911,497,930,"0,83277367047934"
536,213,"62,7695526217005","0,888700606418335","0,880165289256198","0,578804347826087","25,0637804761439","11,4914422004931","16,4681517793768","491,075117370892","88,0093896713615",484,76,500,99,"0,679346591647419"
537,252,"61,698484809835","0,646094546932942","0,91970802919708","0,698060941828255","20,7212541219387","15,8156502440783","17,9124639643255","491,15873015873","1237,72222222222",482,1229,501,1248,"0,831881387034323"
538,249,"64,1837661840736","0,776983151032224","0,902173913043478","0,56979405034325","23,02387387116","14,4940211290882","17,8055229251785","493,887550200803","135,81124497992",484,125,503,148,"0,759554282866948"
539,475,"101,740115370178","0,908507104767292","0,878003696857671","0,47979797979798","39,4100191951908","16,4682413170395","24,5924537968297","496,048421052632","1063,40631578947",479,1047,512,1077,"0,576658930408274"
540,241,"85,7401153701776","0,909816827832488","0,68271954674221","0,370199692780338","32,6924580077198","13,5676985611872","17,5171553136111","498,195020746888","1165,3112033195",485,1156,516,1177,"0,411963538209112"
541,688,"110,811183182043","0,782331804843179","0,922252010723861","0,63003663003663","38,3963304053555","23,9156113296258","29,5971080813277","494,219476744186","605,033430232558",477,590,516,618,"0,704094769561879"
542,194,"57,1126983722081","0,754807261108843","0,889908256880734","0,60061919504644","19,933000441125","13,0749847260116","15,7165031631919","498,556701030928","646,134020618557",491,638,508,657,"0,747388196762954"
543,764,"134,953318805774","0,772544573167986","0,823275862068966","0,576168929110106","40,8441920636256","25,934450091359","31,1890206992407","497,303664921466","370,753926701571",478,352,512,391,"0,527152273635475"
544,256,"69,0121933088197","0,580208000117004","0,847682119205298","0,554112554112554","20,5901922321109","16,7700596842549","18,0540666735282","500,86328125","1135,19921875",491,1124,513,1145,"0,675457718954322"
545,692,"117,39696961967","0,838327146779075","0,880407124681934","0,58843537414966","41,1123230364242","22,4131020641812","29,6830214930477","502,138728323699","1023,88583815029",489,1005,517,1047,"0,630960519428896"
546,582,"112,669047558312","0,583437536250862","0,836206896551724","0,692857142857143","31,6792662154116","25,7285699654785","27,2217819959654","499,324742268041","185,233676975945",483,171,513,199,"0,576134128836438"
547,338,"74,1837661840736","0,566393507067582","0,896551724137931","0,61231884057971","23,8009691376828","19,6152102119086","20,7449985808745","499,884615384615","730,807692307692",488,718,511,742,"0,771807169299221"
548,225,"57,698484809835","0,0928960495013148","0,918367346938775","0,696594427244582","17,2074510987905","17,1330428572081","16,9256875064327","501,555555555556","118,311111111111",492,110,511,127,"0,84930477360695"
549,755,"112,604076400857","0,492520655306555","0,918491484184915","0,645299145299145","33,8089932173442","29,4239923217341","31,0047715081896","499,352317880795","812,329801324503",483,794,513,833,"0,748253212527346"
550,341,"72,5269119345812","0,727338040093388","0,926630434782609","0,710416666666667","25,5553549251577","17,5381129106629","20,8368588024849","502,228739002933","983,944281524927",492,972,512,996,"0,814640261670243"
551,671,"105,053823869162","0,637040513357187","0,919178082191781","0,665674603174603","33,6174787054014","25,9133719140952","29,229158977249","501,91654247392","1264,53651266766",488,1247,516,1283,"0,764026908220399"
552,598,"112,811183182043","0,806414660258374","0,879411764705882","0,657142857142857","36,8628919121029","21,7988889985888","27,5934276187578","503,336120401338","506,889632107023",491,491,517,526,"0,590482103748893"
553,193,"60,2842712474619","0,869142725867926","0,857777777777778","0,597523219814241","23,3788614999828","11,5622811431548","15,6759443777364","503,761658031088","861,699481865285",495,853,514,870,"0,667358417241653"
554,782,"131,154328932551","0,775606918898078","0,866002214839424","0,700716845878136","41,1493889859486","25,9741614765651","31,5542916888162","504,393861892583","897,794117647059",490,880,521,916,"0,571283075057682"
555,415,"82,2842712474619","0,791926368930771","0,918141592920354","0,698653198653199","29,8901654741908","18,2514310683513","22,9868312532435","505,828915662651","543,334939759036",496,531,518,558,"0,770236874726902"
556,610,"108,225396744416","0,755598088570954","0,873925501432665","0,579297245963913","35,7431362307307","23,4130237205473","27,8689095999189","504,068852459016","1368,30491803279",485,1356,524,1383,"0,654457314432101"
557,178,"70,9116882454314","0,452167049623702","0,744769874476987","0,425837320574163","18,2214269517115","16,2522969363596","15,054455784347","508,85393258427","71,9269662921348",499,64,521,83,"0,444830150755139"
558,1159,"142,852813742386","0,735473157638563","0,906176700547303","0,587132725430598","47,6015713694392","32,2526284653102","38,4146408592877","509,851596203624","465,555651423641",489,441,531,488,"0,713700008554015"
559,268,"65,1126983722081","0,738389669977177","0,914675767918089","0,647342995169082","23,2920173847204","15,7075378981761","18,4723630862168","504,746268656716","586,328358208955",493,579,516,597,"0,794352507726089"
560,590,"101,189862838483","0,842448973071686","0,939490445859873","0,613305613305613","37,7901557097048","20,3604341789855","27,4082347369134","507,301694915254","682,476271186441",494,666,520,703,"0,724082182974568"
561,890,"142,225396744416","0,830101821037064","0,840415486307838","0,605442176870748","47,964394091938","26,7455141560323","33,6627864980648","511,908988764045","1330,75168539326",493,1316,542,1346,"0,552898692370211"
562,600,"111,497474683058","0,844860410963134","0,870827285921625","0,625","39,1316428561987","20,9349127492655","27,6395319577068","511,903333333333","341,691666666667",493,331,533,355,"0,606500344892971"
563,1618,"175,78174593052","0,255721179149264","0,879347826086956","0,748381128584644","47,7683932129019","46,1801217109336","45,3883419324995","511,897404202719","229,475896168109",488,207,534,254,"0,658022636325964"
564,287,"65,9411254969543","0,770514223882329","0,931818181818182","0,664351851851852","24,1646338437815","15,4030886573284","19,1159553603526","512,951219512195","523,439024390244",501,514,525,532,"0,82942868272462"
565,469,"83,5979797464467","0,737384635499099","0,941767068273092","0,744444444444444","30,0469003209485","20,295872694028","24,4366394269096","508,341151385928","1226,47121535181",493,1216,523,1237,"0,843317557388985"
566,301,"73,0121933088198","0,869366357630497","0,901197604790419","0,609311740890688","28,2690220197395","13,9696496200716","19,5766468774733","516,302325581395","88,1461794019934",508,76,527,102,"0,709554191156844"
567,638,"108,811183182043","0,790234775738219","0,866847826086956","0,552380952380952","38,033685946301","23,3072028517197","28,5013478548127","512,054858934169","301,315047021944",497,286,530,321,"0,677147808553966"
568,686,"142,02438661764","0,598824785805829","0,747276688453159","0,46922024623803","36,4101010799684","29,1601240602574","29,5540577195133","510,125364431487","427,282798833819",485,409,528,443,"0,427374036919036"
569,614,"107,225396744416","0,476963788082571","0,867231638418079","0,622718052738337","31,628011732747","27,7985852456166","27,9601337705561","514,667752442997","942,42671009772",503,927,532,961,"0,671093313139169"
570,600,"102,325901807805","0,617296280948694","0,900900900900901","0,714285714285714","31,8079043847776","25,0242570493325","27,6395319577068","515,035","1197,64666666667",501,1182,529,1212,"0,720095260958204"
571,861,"141,539105243401","0,831389438043225","0,84744094488189","0,560546875","46,5525060227582","25,868771547077","33,1098059193493","518,761904761905","140,650406504065",503,119,535,167,"0,540082523018006"
572,710,"127,917784899841","0,844493747396322","0,85234093637455","0,597643097643098","41,8004937837791","22,3868986781487","30,0665940332783","522,305633802817","393,02676056338",500,379,544,406,"0,545263406084166"
573,280,"71,0121933088198","0,818270169170738","0,883280757097792","0,614035087719298","25,8868927254202","14,8806616501095","18,8813948776526","521,853571428571","1307,34642857143",511,1299,535,1318,"0,697753529663731"
574,786,"118,639610306789","0,841741562941451","0,906574394463668","0,609302325581395","43,756627319035","23,6233574108011","31,6348902663157","521,195928753181","565,164122137405",507,544,537,587,"0,701734755930632"
575,280,"67,0060966544099","0,771812729616028","0,912052117263844","0,760869565217391","24,0423168303947","15,2873050373331","18,8813948776526","522,228571428571","716,207142857143",515,706,531,729,"0,78368088961102"
576,1136,"164,367532368147","0,781613661012627","0,832234432234432","0,57114127702363","50,5773633672759","31,5482799901871","38,0315674515151","522,419894366197","824,906690140845",503,796,542,847,"0,528391867830261"
577,308,"71,4913780286484","0,772544395433228","0,939024390243902","0,7","25,4423813550725","16,1549136079911","19,8029740134766","521,5","855,762987012987",513,847,533,869,"0,75727434460361"
578,198,"59,9411254969543","0,688056991000167","0,849785407725322","0,521052631578947","20,2206340107477","14,6732375851351","15,8777022852037","523,989898989899","879,777777777778",513,870,533,889,"0,692508753976047"
579,173,"51,698484809835","0,713245082657641","0,925133689839572","0,650375939849624","17,977387525094","12,6006156377668","14,8415107465239","525,416184971098","700,479768786127",517,693,536,707,"0,813392825447377"
580,156,"61,3553390593274","0,851773648212361","0,71889400921659","0,557142857142857","22,1806031716599","11,6206390479541","14,0934512798919","525,217948717949","898,698717948718",518,889,532,909,"0,520750555044473"
581,379,"78,7695526217005","0,796992511822346","0,922141119221411","0,631666666666667","28,5569144890961","17,2480675202547","21,9671979882421","524,69129287599","924,952506596306",512,914,536,939,"0,767595316584106"
582,838,"130,604076400857","0,773873825357462","0,86659772492244","0,648606811145511","42,4404722787939","26,8792402304038","32,664579263907","529,503579952267","278,532219570406",513,260,547,298,"0,617362744685683"
583,741,"121,432503525603","0,876187485376861","0,861627906976744","0,527027027027027","45,4116401993607","21,887067521853","30,7159649473813","522,562753036437","762,414304993252",502,744,539,782,"0,631477926743017"
584,438,"90,4264068711928","0,677736433070936","0,865612648221344","0,642228739002933","28,2896892381739","20,8015477188824","23,6152264565471","527,100456621005","1137,20776255708",512,1127,543,1149,"0,67312144329728"
585,836,"132,124891681028","0,643547103463162","0,861855670103093","0,595441595441595","39,2201929906734","30,0193910404084","32,625576767294","533,600478468899","1277,11244019139",515,1260,554,1296,"0,601792613614662"
586,802,"144,509667991878","0,769684814550475","0,760189573459716","0,454906409529212","43,3550704702171","27,6789203102764","31,955251757381","533,093516209476","1175,55610972569",516,1152,557,1195,"0,482603453962194"
587,588,"125,296464556282","0,656128123040149","0,75968992248062","0,52972972972973","34,7901370762949","26,2543599715103","27,3617406665635","534,53231292517","629,284013605442",523,610,553,647,"0,470662455687591"
588,189,"66,3908729652601","0,647257460780224","0,804255319148936","0,529411764705882","19,0807666236531","14,5447238413155","15,5126488374792","536,994708994709","950,714285714286",529,942,546,963,"0,538833898639605"
589,1210,"164,752308678997","0,832004949337252","0,818673883626522","0,593137254901961","55,054744243679","30,5426217896286","39,250730555361","533,069421487603","27,5454545454545",513,4,553,55,"0,560185955231097"
590,275,"74,1837661840736","0,751490297971909","0,838414634146341","0,62929061784897","24,9401668294746","16,454128950197","18,7120515925478","541,076363636364","586,861818181818",532,577,551,600,"0,62794961999197"
591,675,"115,639610306789","0,730073507654855","0,895225464190981","0,651544401544401","36,5448810847148","24,9736250249767","29,3161507141752","537,585185185185","681,334814814815",523,663,551,700,"0,63430830536554"
592,669,"123,882250993909","0,711884574234778","0,813868613138686","0,623485554520037","36,9949499237493","25,9814232974454","29,1855658747235","541,288490284006","186,496263079223",527,168,556,205,"0,54779467423117"
593,1065,"147,367532368147","0,167329844263643","0,846581875993641","0,604083947816222","38,9285468369275","38,3796920985054","36,8239068424705","539,912676056338","1052,81784037559",522,1031,563,1074,"0,616248462765499"
594,433,"91,4974746830583","0,570527364710405","0,860834990059642","0,640532544378698","27,1567341864778","22,3032444232485","23,4800494648185","542,376443418014","993,406466512702",530,979,556,1005,"0,649949396510773"
595,1081,"165,338095116624","0,749260550399526","0,803717472118959","0,618421052631579","47,7253764640656","31,6073399835624","37,0994871643627","539,72802960222","1108,04902867715",519,1085,557,1131,"0,496923686535835"
596,695,"108,325901807805","0,774882892397784","0,9254327563249","0,636446886446886","38,5494595049562","24,3672991493418","29,7472937187728","544,280575539568","727,323741007194",529,710,557,749,"0,744269191773747"
597,504,"92,2193000900063","0,81034919208662","0,923076923076923","0,644501278772379","33,6015243821866","19,6887210111845","25,3320494738685","543,829365079365","76,6726190476191",527,66,561,89,"0,744726412701128"
598,216,"62,1837661840736","0,629505959444402","0,860557768924303","0,6","19,9645591365335","15,5123756919656","16,5837191746241","543,421296296296","419,217592592593",535,410,553,430,"0,701955484712921"
599,408,"78,5269119345812","0,753327684464223","0,951048951048951","0,713286713286713","28,4908901055656","18,7369012532564","22,792141940852","544,80637254902","236,857843137255",535,223,557,249,"0,831443971480832"
600,425,"83,1482322781408","0,634992751318318","0,913978494623656","0,722789115646259","26,9102617167266","20,7886640942054","23,2621324584064","547,884705882353","761,183529411765",539,748,560,776,"0,772489798543728"
601,363,"71,698484809835","0,663642983488373","0,952755905511811","0,751552795031056","25,0873136311919","18,7665513452482","21,4985105237285","546,201101928375","927,501377410468",536,917,559,938,"0,887353227466263"
602,385,"96,1837661840736","0,909764966329928","0,865168539325843","0,633223684210526","36,3025683793554","15,070057368142","22,1403980253978","550,046753246753","1381,1974025974",530,1372,568,1388,"0,522958271851217"
603,717,"173,474134085945","0,709817335579504","0,677693761814745","0,410183066361556","41,5423340657115","29,261830063444","30,2144461073691","546,748953974895","507,099023709902",528,484,566,530,"0,29940535457015"
604,360,"80,8700576850888","0,888105643591447","0,906801007556675","0,689655172413793","31,8759953268079","14,6514629429886","21,4094893938333","547,241666666667","561,725",539,548,557,577,"0,691730394634852"
605,355,"82,2193000900063","0,889363811208725","0,870098039215686","0,591666666666667","32,2517386404643","14,7455009487629","21,2602925281141","548,09014084507","833,053521126761",539,819,559,849,"0,659919051237127"
606,546,"88,4264068711929","0,246619853083486","0,944636678200692","0,722222222222222","26,9848946958087","26,1513933368169","26,366433043273","548,822344322344","1213,10073260073",536,1200,563,1228,"0,877482674600807"
607,180,"50,4558441227157","0,696420397889577","0,927835051546392","0,728744939271255","17,9615628161102","12,889829064099","15,138795132121","548,15","811,727777777778",539,806,558,819,"0,888504059810137"
608,332,"73,3553390593274","0,401196728649412","0,914600550964187","0,718614718614719","21,8104793241387","19,9782226824174","20,5600469078277","549,680722891566","868,460843373494",540,859,561,881,"0,775326253761544"
609,205,"58,3847763108502","0,804016269488611","0,903083700440529","0,716783216783217","21,4440564915283","12,7507924807026","16,1559310060024","552,258536585366","853,082926829268",542,847,564,860,"0,755726208567201"
610,246,"68,1837661840736","0,817193964260303","0,894545454545455","0,668478260869565","23,6936631035351","13,6561449305835","17,6979356989692","552,878048780488","381,052845528455",545,371,561,394,"0,664940826398069"
611,259,"70,8700576850888","0,523656497282429","0,869127516778523","0,649122807017544","21,0808134080094","17,9593668248392","18,1595441045861","555,667953667954","280,3861003861",546,273,567,292,"0,64801350299767"
612,166,"54,2842712474619","0,836454311256204","0,864583333333333","0,638461538461538","20,1641596641511","11,0506987964094","14,5381485900385","554,807228915663","972,39156626506",545,966,565,979,"0,707896765946002"
613,838,"120,568542494924","0,74385018789089","0,906926406926407","0,656739811912226","40,9154152752386","27,3456701235944","32,664579263907","553,326968973747","99,3747016706444",539,78,568,122,"0,724412375192364"
614,500,"120,124891681028","0,671795862687415","0,773993808049536","0,476190476190476","33,3551876123637","24,7073994451868","25,2313252202016","555,576","402,404",538,387,573,417,"0,435425490991295"
615,176,"53,9411254969543","0,562337949319605","0,866995073891626","0,611111111111111","17,2140985081407","14,2344673411376","14,9696412740382","552,846590909091","1030,55113636364",543,1023,561,1039,"0,760120637747012"
616,491,"81,8406204335659","0,484701887458666","0,976143141153082","0,730654761904762","27,063599509026","23,6719734059854","25,0032121229446","555,107942973523","319,847250509165",542,306,566,334,"0,921199152919721"
617,713,"118,568542494924","0,862427266917537","0,864242424242424","0,675189393939394","44,8685949227832","22,7116304467681","30,1300480483548","553,300140252454","471,772791023843",533,461,577,485,"0,637324231865842"
618,342,"82,4264068711929","0,734875339029608","0,895287958115183","0,678571428571429","26,1660117303284","17,7458469522478","20,8673890149061","556,956140350877","539,368421052632",545,532,573,550,"0,632562195382456"
619,371,"90,0832611206852","0,572795755537698","0,799568965517241","0,576086956521739","25,488216336488","20,8926432387091","21,7341176746779","557,708894878706","950,695417789757",544,939,572,962,"0,57450732998271"
620,785,"110,811183182043","0,47210881796344","0,91812865497076","0,679065743944637","34,1487632401377","30,1035102839345","31,6147598854887","559,011464968153","354,695541401274",541,338,575,372,"0,803363944921621"
621,500,"117,089357775095","0,924465341667677","0,766871165644172","0,457875457875458","44,5396756180213","16,9814680119665","25,2313252202016","560,326","1312,642",538,1299,580,1325,"0,458294895910424"
622,476,"98,9116882454314","0,757244831972029","0,836555360281195","0,607142857142857","32,6196202299099","21,3048892080873","24,6183269799948","558,888655462185","661,903361344538",545,648,573,676,"0,611394584555818"
623,319,"74,1837661840736","0,819497217273996","0,896067415730337","0,604166666666667","27,348038221261","15,6727002257877","20,1534963410947","559,761755485893","223,12539184953",548,212,570,236,"0,728421559190685"
624,494,"107,811183182043","0,812520896982758","0,79549114331723","0,571759259259259","34,3142481126758","20,0028754983286","25,0794803594327","562,702429149798","30,7732793522267",549,16,576,48,"0,534083533640398"
625,892,"124,39696961967","0,751744531280538","0,904665314401623","0,648255813953488","42,1309973571682","27,7834733088733","33,7005886284463","561,997757847534","598,637892376682",546,577,578,620,"0,724361095292946"
626,166,"52,6274169979695","0,879842094710119","0,917127071823204","0,656126482213439","21,3972068183877","10,1693675434667","14,5381485900385","565,819277108434","433,903614457831",561,423,572,446,"0,75317143786007"
627,693,"140,468037431535","0,803631888599274","0,763215859030837","0,5","41,6722749493867","24,8002834221767","29,7044610202149","564,424242424242","1159,75036075036",549,1140,582,1182,"0,441355018649727"
628,435,"86,7695526217005","0,753183835973225","0,887755102040816","0,671296296296296","29,6834464636186","19,5260704706784","23,534213434058","569,105747126437","1004,0275862069",557,992,584,1016,"0,726046446937006"
629,319,"74,4264068711929","0,83141304983694","0,896067415730337","0,656378600823045","27,52719146271","15,2956181424491","20,1534963410947","567,420062695925","257,266457680251",559,245,577,272,"0,723679785172778"
630,270,"68,4264068711929","0,864038671277831","0,918367346938775","0,559006211180124","26,8325558413317","13,5081912546586","18,5411616971131","568,166666666667","567,177777777778",556,558,579,579,"0,724646430597208"
631,161,"64,5269119345812","0,909630949659295","0,781553398058252","0,516025641025641","24,418297110798","10,1437831234524","14,3175265567193","571,931677018634","1211,01863354037",562,1205,586,1218,"0,485907918956192"
632,480,"94,4264068711929","0,531228177990598","0,880733944954129","0,666666666666667","28,4566174565352","24,1092655802973","24,7215489294841","568,404166666667","1285,94375",554,1276,584,1300,"0,676494348925506"
633,1535,"165,231493398826","0,781682722105885","0,931432038834951","0,684656556645852","56,8433850029931","35,4518718002351","44,2088531989745","570,594788273616","1349,32377850163",552,1319,590,1378,"0,706533221822501"
634,352,"78,0771644662754","0,650041083348661","0,921465968586387","0,698412698412698","25,3846028748816","19,2897360062375","21,1702697136049","571,644886363636","7,07954545454545",559,0,587,18,"0,725612009763944"
635,369,"85,254833995939","0,345834295681382","0,878571428571429","0,567692307692308","23,8548783146182","22,3829274495041","21,6754559815307","573,880758807588","1117,89972899729",561,1109,587,1134,"0,637966984357953"
636,459,"85,8406204335659","0,843814702388289","0,92354124748491","0,651988636363636","33,2870361696857","17,8629770184982","24,1747171862142","572,971677559913","1257,6688453159",557,1247,589,1269,"0,782774832066144"
637,210,"55,4558441227157","0,682542980084871","0,929203539823009","0,7","19,4750319420406","14,2332385973775","16,3517676229325","576,080952380952","1223,34285714286",567,1217,587,1232,"0,858093314100058"
638,481,"100,669047558312","0,830668144186447","0,876138433515483","0,626302083333333","34,6001484250854","19,2642501066327","24,7472871446066","574,997920997921","449,966735966736",559,438,591,462,"0,5964348628828"
639,355,"88,0832611206852","0,637850880668315","0,827505827505827","0,633928571428571","24,9889324554435","19,2454734364789","21,2602925281141","578,180281690141","1074,32957746479",568,1061,588,1089,"0,57497828962286"
640,2631,"277,462986797652","0,714853877692023","0,787253141831239","0,564350064350064","73,2973843434642","51,254944996695","57,878262259662","577,858988977575","144,471303686811",541,117,615,180,"0,429457901960119"
641,186,"53,698484809835","0,297864221648044","0,898550724637681","0,643598615916955","16,2575096732163","15,5195528116214","15,3890401039422","580,462365591398","640,682795698925",572,632,589,649,"0,810585340350851"
642,211,"62,3198051533946","0,563554159358768","0,864754098360656","0,694078947368421","18,7084545674563","15,4546636513275","16,3906541644658","579,303317535545","950,099526066351",572,941,588,960,"0,682716101661424"
643,867,"125,39696961967","0,77601406524898","0,888319672131147","0,600415512465374","43,2459708119543","27,2759085123203","33,2249708093986","578,266435986159","1030,77970011534",558,1014,596,1052,"0,692874979631604"
644,2661,"253,657900270019","0,677808474865609","0,852065321805956","0,568589743589744","69,8121628537839","51,3285908250108","58,2073056285916","580,036076662909","801,608417888012",546,763,611,835,"0,519706265110899"
645,330,"108,124891681028","0,846393399222666","0,711206896551724","0,425806451612903","31,693948586583","16,8788715366306","20,4980255088778","586,751515151515","388,475757575758",571,376,602,401,"0,35470918391099"
646,368,"85,0121933088198","0,713560055071668","0,817777777777778","0,64","27,272918182064","19,1072446893565","21,646065519224","583,951086956522","288,08152173913",573,276,596,301,"0,639875144326457"
647,1352,"155,78174593052","0,813658703516849","0,948106591865358","0,593242650285213","55,7585775962927","32,4148506489284","41,489997161749","588,645710059172","739,877958579882",569,712,612,765,"0,700089270613696"
648,186,"63,9411254969543","0,791766489939174","0,771784232365145","0,574074074074074","21,4150305013614","13,0808122495911","15,3890401039422","588,655913978495","1319,81182795699",581,1311,599,1329,"0,571692184718238"
649,709,"105,254833995939","0,831722654382679","0,946595460614152","0,70970970970971","40,5799118548141","22,5296157192666","30,0454129147401","585,317348377997","64,7052186177715",568,52,605,79,"0,804214682895767"
650,259,"72,7695526217005","0,876626385150046","0,82484076433121","0,585972850678733","27,9720330604043","13,4593500018898","18,1595441045861","589,471042471042","582,200772200772",580,570,597,596,"0,614624995647345"
651,484,"96,8050865276332","0,862773332913712","0,911487758945386","0,658503401360544","36,2688414465717","18,3371968291748","24,8243416761013","583,787190082645","979,648760330579",564,971,599,992,"0,649021181508022"
652,670,"113,740115370178","0,675161372125697","0,856777493606138","0,679513184584178","34,9525563769345","25,7834544584939","29,2073705590311","584,437313432836","903,374626865672",567,890,601,919,"0,650814676076624"
653,181,"54,2842712474619","0,740896192054831","0,900497512437811","0,646428571428571","19,0360707485891","12,7849974492998","15,1807890966532","588,845303867403","1103,65745856354",580,1096,600,1110,"0,771863341182086"
654,196,"53,4558441227157","0,47979394077156","0,928909952606635","0,678200692041522","17,3663623554092","15,2369198854357","15,7973083393372","590,357142857143","1299,05102040816",583,1290,600,1307,"0,861937054991856"
655,993,"119,740115370178","0,590256216353422","0,968780487804878","0,768575851393189","39,7172702510056","32,0604142614797","35,5573743114142","592,315206445116","547,414904330312",573,531,611,565,"0,870321611728653"
656,285,"63,4558441227157","0,524460578069039","0,943708609271523","0,753968253968254","20,8139418397017","17,7217129823177","19,0492327994993","592,536842105263","629,564912280702",582,621,603,639,"0,889429383059283"
657,357,"86,9116882454314","0,314405340652106","0,811363636363636","0,705533596837945","23,1348370066338","21,961642342164","21,3200965633473","595,521008403361","654,93837535014",585,644,607,667,"0,593911463424676"
658,388,"88,1837661840736","0,837657977366172","0,862222222222222","0,618819776714514","31,2767762312096","17,0832226568495","22,2264919264657","594,881443298969","690,177835051546",587,676,606,709,"0,626995326696245"
659,242,"68,4264068711929","0,717729156855805","0,843205574912892","0,606516290726817","21,679487635062","15,0959124351692","17,553460337663","594,173553719008","1000,78512396694",586,991,605,1012,"0,649497911868609"
660,800,"117,053823869162","0,734637385571436","0,909090909090909","0,65359477124183","39,4968908639769","26,7970588326238","31,9153824321146","595,32875","1145,39875",579,1130,615,1164,"0,733717098145859"
661,494,"95,4974746830583","0,873021369305467","0,883720930232558","0,571759259259259","37,0540702250131","18,0706013891753","25,0794803594327","598,364372469636","453,593117408907",583,437,610,469,"0,680695748789916"
662,558,"112,604076400857","0,791960053951516","0,824224519940916","0,603243243243243","36,769315395156","22,4503477344998","26,6545993397429","596,810035842294","939,614695340502",586,919,611,956,"0,553013632569879"
663,1046,"177,338095116624","0,606125111086087","0,760727272727273","0,637804878048781","43,7905430550383","34,829654301085","36,4939524276692","598,747609942639","207,106118546845",581,186,621,227,"0,417962646306031"
664,599,"105,568542494924","0,800011919919388","0,879588839941263","0,587254901960784","36,4795372920219","21,8871425856896","27,6164894093432","599,437395659432","1087,22704507513",586,1070,616,1104,"0,675410231313586"
665,187,"75,254833995939","0,845706689481892","0,663120567375887","0,404761904761905","25,5115414855385","13,6141832690285","15,4303530376163","597,903743315508","375,112299465241",586,366,608,387,"0,414937481285396"
666,622,"102,083261120685","0,590821229540466","0,887303851640514","0,647242455775234","32,0024596987505","25,819664505342","28,1416949884912","602,088424437299","239,717041800643",585,226,616,257,"0,750051662197372"
667,993,"137,296464556282","0,622208461104785","0,858254105445117","0,612962962962963","41,4362751962713","32,4384544229624","35,5573743114142","600,7583081571","318,608257804632",582,297,618,342,"0,661973195314749"
668,1125,"167,095454429505","0,891604051594474","0,863392171910975","0,454545454545455","60,2572247255035","27,2854278412295","37,8469878303024","597,405333333333","859,145777777778",572,828,617,883,"0,50632936450139"
669,1036,"155,953318805774","0,729257595935388","0,805598755832037","0,542124542124542","48,2027597358159","32,9822204347979","36,3190882091722","606,276061776062","1259,90057915058",585,1234,624,1283,"0,535279211109078"
670,365,"89,2903679018718","0,578136620562822","0,768421052631579","0,584","25,6496565103862","20,9285801729661","21,5576537180727","603,452054794521","1021,10410958904",594,1009,619,1034,"0,575298847109747"
671,842,"135,39696961967","0,396503198022221","0,863589743589744","0,65019305019305","35,4956508910417","32,5861909547039","32,7424448791932","604,397862232779","1195,36460807601",589,1180,624,1217,"0,577170421990437"
672,483,"85,5979797464467","0,685878532552703","0,964071856287425","0,688034188034188","29,7257166249517","21,6318808642464","24,7986834349544","607,608695652174","1168,44099378882",594,1153,620,1180,"0,828380687346595"
673,353,"77,4974746830583","0,695553529426012","0,878109452736318","0,641818181818182","25,4511838646","18,2860209434889","21,2003197921992","606,694050991501","424,674220963173",596,412,618,437,"0,738600279396855"
674,832,"119,947222151364","0,543203164729402","0,911281489594743","0,711111111111111","36,2681276291131","30,4507666495141","32,5474315610258","606,576923076923","607,284855769231",589,593,628,623,"0,726696052497023"
675,266,"74,2842712474619","0,93700030864113","0,889632107023411","0,738888888888889","31,7129359608515","11,0782332891354","18,4033072815609","606,966165413534","1121,73684210526",592,1116,622,1128,"0,605756058380405"
676,154,"64,4264068711929","0,858551469930875","0,712962962962963","0,418478260869565","23,7126475832103","12,1581238364964","14,0028172125903","605,402597402597","36,6753246753247",599,25,615,48,"0,466232735133237"
677,419,"82,4264068711929","0,717514013129546","0,924944812362031","0,646604938271605","28,2029736601174","19,6446140494125","23,0973455021142","614,35799522673","901,8138424821",604,888,628,915,"0,774981169196635"
678,397,"79,3553390593274","0,699581533402855","0,910550458715596","0,708928571428571","27,0436614767705","19,3241235410011","22,48279562821","619,67758186398","334,176322418136",611,320,631,348,"0,792224132498399"
679,231,"74,1837661840736","0,855538790282172","0,77257525083612","0,555288461538462","25,9140902541278","13,4167278214172","17,1498785661538","619,285714285714","129,909090909091",612,118,628,144,"0,527477680793255"
680,578,"96,5269119345812","0,542263319574131","0,961730449251248","0,7225","30,9047182900709","25,9664101013292","27,1280750672974","620,991349480969","9,62456747404844",605,0,637,25,"0,77954443814017"
681,207,"61,840620433566","0,827578118837079","0,903930131004367","0,522727272727273","22,6592365111142","12,7197752259802","16,234549139418","620,937198067633","813,144927536232",612,806,634,824,"0,680193587388543"
682,582,"112,811183182043","0,711096195354186","0,83982683982684","0,647385984427141","33,8007390122433","23,7651215080497","27,2217819959654","623,176975945017","1225,81099656357",611,1211,640,1242,"0,574683251474674"
683,358,"96,3259018078045","0,821118190374559","0,733606557377049","0,478609625668449","30,6103868244199","17,4711291395682","21,3499357613832","617,103351955307","490,243016759777",600,481,634,503,"0,484849244794181"
684,259,"71,5979797464467","0,783505656700346","0,830128205128205","0,56304347826087","24,685195078142","15,339001356707","18,1595441045861","626,451737451738","1323,11583011583",616,1312,639,1332,"0,634904041786907"
685,689,"115,461940777126","0,689782565934258","0,895968790637191","0,765555555555556","35,9628630060351","26,0377091704998","29,6186097972631","625,834542815675","532,256894049347",610,520,646,545,"0,649458461710461"
686,320,"77,9411254969543","0,833178755599734","0,844327176781003","0,604914933837429","28,391326379626","15,7005103071701","20,1850601761613","623,796875","758,359375",613,747,636,770,"0,661951996865498"
687,687,"111,39696961967","0,743090855964129","0,908730158730159","0,676847290640394","36,6362990364638","24,5166647620094","29,5755907334588","625,056768558952","876,363901018923",610,859,639,894,"0,695696546824909"
688,290,"70,1837661840736","0,329992714191967","0,900621118012422","0,573122529644269","20,4103259166405","19,2670104658306","19,2156048037317","625,534482758621","167,841379310345",614,155,636,178,"0,739834403596188"
689,444,"89,39696961967","0,785537986676535","0,874015748031496","0,58498023715415","30,924651422748","19,1365898768265","23,7764244129014","628,074324324324","701,605855855856",617,686,640,719,"0,698147584076307"
690,445,"92,6690475583121","0,832493057586207","0,869140625","0,632102272727273","33,3589430613036","18,4820379099955","23,8031846064166","631,45393258427","623,824719101124",617,613,649,635,"0,651179134514721"
691,949,"150,953318805774","0,841928083912159","0,832456140350877","0,605229591836735","49,466586624583","26,6916632574759","34,7606721447338","629,619599578504","1370,31717597471",606,1356,655,1388,"0,523348212336498"
692,363,"78,4264068711929","0,755874085697485","0,894088669950739","0,634615384615385","27,2642355112636","17,850358824406","21,4985105237285","630,451790633609","187,903581267218",620,176,642,202,"0,741637792900765"
693,160,"51,9411254969543","0,532958200553837","0,82051282051282","0,555555555555556","16,6814778427453","14,114891851587","14,2729929292222","628,43125","1087,4625",618,1081,636,1097,"0,745258837433505"
694,990,"146,953318805774","0,408602675127671","0,831234256926952","0,668016194331984","39,6478414071938","36,1870749383646","35,5036216362192","630,709090909091","974,921212121212",611,958,650,996,"0,576084594104195"
695,189,"52,0416305603426","0,728400315228094","0,945","0,726923076923077","18,9303653143071","12,9701737555401","15,5126488374792","628,94708994709","1266,61375661376",623,1258,636,1278,"0,876939994798649"
696,270,"64,7695526217005","0,581831660072119","0,903010033444816","0,645933014354067","20,9228353684554","17,016735325325","18,5411616971131","632,433333333333","476,377777777778",621,468,643,487,"0,808782663775647"
697,825,"152,852813742386","0,858972136076851","0,76530612244898","0,531914893617021","51,6330715168484","26,4372857356331","32,4102240721429","629,328484848485","1061,41939393939",601,1043,648,1076,"0,44372810508106"
698,286,"77,8406204335659","0,83231077989633","0,838709677419355","0,567460317460317","26,810379953177","14,8612421127093","19,0826232419512","635,706293706294","137,374125874126",628,124,646,152,"0,593148340202078"
699,1223,"150,923881554251","0,761316447043926","0,871082621082621","0,643684210526316","50,9234632702233","33,0177803679704","39,4610182738751","630,681112019624","271,567457072772",607,254,657,292,"0,674715036469452"
700,685,"101,982756057297","0,334661321675844","0,947441217150761","0,712799167533819","30,6838238609365","28,9145477567504","29,5325090052232","634,878832116788","97,1605839416058",620,82,651,113,"0,827650432899503"
701,431,"77,9411254969543","0,668709952814482","0,957777777777778","0,783636363636364","27,3265101383248","20,3178988582317","23,4257602604666","637,359628770302","323,22969837587",627,311,649,336,"0,891566595778217"
702,500,"88,6274169979695","0,604359768233729","0,938086303939962","0,811688311688312","28,6577891840778","22,8319912202365","25,2313252202016","634,084","508,68",623,495,645,523,"0,799914711236215"
703,159,"48,3847763108502","0,613352974770614","0,924418604651163","0,709821428571429","16,4528012845585","12,9945691950801","14,228319915327","638,477987421384","1035,76729559748",632,1027,646,1043,"0,853472462703379"
704,1364,"171,195959492893","0,677689562474304","0,840418977202711","0,640977443609023","51,116171108132","37,5881803025322","41,6737176049697","642,391495601173","1129,1935483871",622,1102,660,1158,"0,58484019541447"
705,300,"76,4264068711929","0,847479397366007","0,864553314121037","0,669642857142857","28,1380242379224","14,9364592259449","19,5441004761168","640,11","302,336666666667",626,295,654,311,"0,645422698299723"
706,353,"90,9116882454314","0,751935509673349","0,81712962962963","0,544753086419753","27,756161072871","18,2978792443894","21,2003197921992","639,067988668555","641,546742209632",626,629,650,656,"0,536716718868563"
707,571,"103,39696961967","0,660307467231761","0,879815100154083","0,637276785714286","32,2652676229675","24,2310666601709","26,963304323539","638,262697022767","1202,85814360771",621,1190,653,1218,"0,671166623309903"
708,1999,"213,036579926459","0,644035141430368","0,833263859941642","0,54246947082768","61,2254995285475","46,8372564983908","50,4500332004409","642,291645822912","368,748874437219",612,343,679,398,"0,553495756268968"
709,1021,"150,367532368147","0,659075640680466","0,862331081081081","0,644570707070707","43,1672832152102","32,4651061055707","36,0552017769226","642,121449559256","442,297747306562",618,427,666,460,"0,567449817491005"
710,761,"119,811183182043","0,872241526371531","0,897405660377359","0,612721417069243","45,0668836874964","22,0411029124577","31,1277254797626","643,240473061761","675,520367936925",630,653,657,699,"0,66619260380495"
711,1076,"153,78174593052","0,856535964944091","0,836052836052836","0,646634615384615","54,8373045007966","28,3008385195601","37,013588722725","642,74907063197","917,578996282528",627,895,659,947,"0,571758409263863"
712,1927,"208,551298552221","0,654753248937672","0,835283918508886","0,555011520737327","58,8805439107765","44,5044291258243","49,5331465051904","647,780487804878","1287,93046185781",619,1255,675,1317,"0,55675712301105"
713,231,"72,6690475583122","0,911325927071986","0,816254416961131","0,568965517241379","27,9888919454648","11,5226245013218","17,1498785661538","649,709956709957","215,666666666667",643,201,657,230,"0,549696418886728"
714,388,"88,1837661840736","0,474470359394009","0,83982683982684","0,653198653198653","24,5534683907002","21,6137179532105","22,2264919264657","648,384020618557","1180,4587628866",634,1169,661,1191,"0,626995326696245"
715,406,"88,3259018078045","0,856418954010303","0,871244635193133","0,518518518518518","32,4255457320995","16,7407090110982","22,7362102198778","651,327586206897","708,908866995074",639,696,666,725,"0,653972877543132"
716,700,"105,597979746447","0,79495798658564","0,928381962864722","0,727650727650728","38,7353308647297","23,4993496206987","29,8541066072092","655,532857142857","510,424285714286",644,492,670,529,"0,788854096107127"
717,695,"114,225396744416","0,730006445529099","0,900259067357513","0,537925696594427","38,2987032267736","26,1748757048974","29,7472937187728","649,235971223022","786,342446043166",633,769,667,807,"0,669374738080223"
718,1218,"195,480230740355","0,641792139494158","0,763636363636364","0,503305785123967","49,6125912057195","38,0468365093814","39,3802712723951","657,564039408867","999,536124794745",632,975,676,1030,"0,400545139756178"
719,1090,"158,953318805774","0,846742986513042","0,82701062215478","0,597587719298246","53,1467373700716","28,2741799043146","37,2536052451481","664,460550458716","35,3183486238532",639,20,696,52,"0,5421221623219"
720,285,"73,5979797464467","0,678220671477807","0,858433734939759","0,548076923076923","23,2160506162389","17,060507483845","19,0492327994993","656,99298245614","244,154385964912",647,236,673,256,"0,661184916713268"
721,432,"79,3553390593274","0,563710195895546","0,931034482758621","0,722408026755853","26,0768757241149","21,5387860902455","23,4529205713402","665,497685185185","1106,48611111111",653,1096,679,1119,"0,862067569872314"
722,274,"70,4264068711929","0,507356252541787","0,88961038961039","0,622727272727273","20,9396348694348","18,0444456902478","18,6779986951877","661,740875912409","331,759124087591",653,320,673,342,"0,694207600172716"
723,786,"116,704581464245","0,617549560200547","0,89216799091941","0,704301075268817","36,8927393945421","29,0173190149498","31,6348902663157","665,665394402036","479,952926208651",649,463,685,494,"0,725198002441139"
724,172,"53,5269119345812","0,863413619739053","0,882051282051282","0,5375","21,1827096950906","10,686607157928","14,7985540406638","666,319767441861","168,703488372093",659,159,675,179,"0,754386543859795"
725,429,"90,7695526217005","0,831973585039217","0,86491935483871","0,6703125","32,6163566062598","18,0960518142733","23,3713449482777","662,226107226107","290,638694638695",647,283,679,303,"0,654314834035985"
726,389,"75,9411254969543","0,463912309995457","0,932853717026379","0,736742424242424","23,9738965032582","21,2380224185172","22,2551158815671","665,6735218509","925,956298200514",654,915,678,937,"0,847628218807745"
727,196,"64,5269119345812","0,775668832095672","0,848484848484848","0,556818181818182","21,4830200274153","13,5587960396021","15,7973083393372","666,040816326531","722,714285714286",653,715,675,731,"0,591540075251017"
728,630,"112,39696961967","0,742258275033505","0,884831460674157","0,620689655172414","35,5091950370234","23,7952055475816","28,3220923164789","669,4","201,17619047619",652,189,687,218,"0,626673325252838"
729,830,"133,296464556282","0,873223840678443","0,878306878306878","0,665064102564102","48,1088411526082","23,4443679749241","32,5082885143187","673,65421686747","79,2493975903614",651,65,699,91,"0,587017022169722"
730,158,"62,7695526217005","0,95206231972624","0,814432989690722","0,467455621301775","27,0915099048533","8,28740488324612","14,1835061979807","672,221518987342","101,569620253165",661,95,687,108,"0,503928457653954"
731,181,"59,9411254969543","0,735673054483612","0,819004524886878","0,595394736842105","20,2617866435571","13,7240539708169","15,1807890966532","670,21546961326","266,82320441989",663,256,679,275,"0,633050931664972"
732,194,"71,840620433566","0,893292581222747","0,697841726618705","0,438914027149321","27,4105546318244","12,3203769938425","15,7165031631919",668,"595,515463917526",659,585,676,611,"0,472358185063627"
733,625,"114,811183182043","0,646492093676186","0,831117021276596","0,578703703703704","34,9731163968739","26,6817139458976","28,2094791773878","668,8528","1211,8784",647,1198,683,1228,"0,595828806536782"
734,421,"85,4974746830583","0,738131720942879","0,919213973799127","0,626488095238095","29,1580843422592","19,6716947928631","23,1524048067043","671,738717339667","1241,97624703088",658,1227,682,1255,"0,72374468152449"
735,1470,"167,438600180013","0,730874377719188","0,901287553648069","0,663956639566396","53,7741031107739","36,7014712079348","43,2627106265972","672,290476190476","408,657142857143",649,389,703,430,"0,658894723455502"
736,158,"48,0416305603426","0,261740930872195","0,929411764705882","0,702222222222222","14,6699358513061","14,1585150257027","14,1835061979807","672,727848101266","681,386075949367",667,674,682,689,"0,86026345233726"
737,398,"94,9116882454314","0,740260512369915","0,785009861932939","0,552777777777778","29,259783491344","19,6719418023854","22,5110936829954","672,273869346734","1039,37688442211",659,1028,689,1052,"0,555205217995372"
738,173,"60,1837661840736","0,598624745719042","0,800925925925926","0,535603715170279","18,263731708619","14,6297896336592","14,8415107465239","672,42774566474","228,092485549133",663,221,682,238,"0,600201731566471"
739,400,"78,7695526217005","0,671421218398682","0,930232558139535","0,727272727272727","26,7129420054728","19,7963185823084","22,5675833419103","675,665","545,2075",664,532,686,557,"0,810126983202223"
740,298,"76,4264068711929","0,795058614278601","0,820936639118457","0,596","26,3242137555773","15,9664939205992","19,4788445327509","677,724832214765","1275,32214765101",666,1266,691,1286,"0,641119880311058"
741,612,"103,740115370178","0,795453432842393","0,901325478645066","0,639498432601881","36,5733885763164","22,1640116963847","27,9145589500877","673,093137254902","765,589869281046",659,750,688,783,"0,714607932683832"
742,199,"61,0121933088198","0,860544268458486","0,908675799086758","0,526455026455027","23,2084525565383","11,8218208163038","15,9177469951717","677,130653266332","791,824120603015",667,784,688,802,"0,671784014363134"
743,494,"91,1126983722081","0,652292438151236","0,911439114391144","0,740629685157421","29,5338733946804","22,385713144497","25,0794803594327","677,141700404858","858,878542510121",665,844,688,873,"0,747788867389023"
744,666,"117,882250993909","0,870076234625666","0,876315789473684","0,582167832167832","42,2592360522568","20,8303034467064","29,1200538597307","679,202702702703","132,641141141141",666,112,692,156,"0,602264483289787"
745,330,"78,4264068711929","0,833447255574407","0,831234256926952","0,611111111111111","28,2512647866217","15,6116211139521","20,4980255088778","681,675757575758","743,539393939394",666,735,696,753,"0,674216175364331"
746,517,"89,9827560572969","0,635530171403184","0,938294010889292","0,61768219832736","29,6797027354522","22,9149871582795","25,6566725166784","682,802707930368","1357,47388781431",670,1342,697,1373,"0,80238319679124"
747,178,"60,1837661840736","0,913509323314149","0,720647773279352","0,427884615384615","26,0902040803398","10,613959227387","15,054455784347","686,657303370787","242,988764044944",680,231,696,257,"0,617548602420993"
748,192,"56,0416305603426","0,708385723731424","0,91866028708134","0,631578947368421","19,7052836724955","13,9084921190391","15,6352803808934","681,34375","1381,34895833333",671,1372,690,1388,"0,768227000587844"
749,196,"71,5979797464467","0,834624817069515","0,73134328358209","0,544444444444444","24,4283145373535","13,4555763252718","15,7973083393372","684,862244897959","57,6479591836735",672,50,696,65,"0,480467923514416"
750,328,"83,6690475583121","0,742418674685371","0,822055137844611","0,573426573426573","27,7917129965366","18,6186745841105","20,4358158798012","690,018292682927","217,295731707317",678,206,704,228,"0,588781366575881"
751,432,"95,7401153701776","0,767475932772014","0,81203007518797","0,533333333333333","30,8638822921608","19,7861484826149","23,4529205713402","684,497685185185","996,180555555556",673,981,700,1011,"0,592250884322729"
752,749,"138,539105243401","0,716832014992626","0,785939139559287","0,557291666666667","40,4767352808758","28,2222382196555","30,8813279994018","684,550066755674","581,851802403204",660,566,702,598,"0,490396006513411"
753,1486,"197,066017177982","0,380091701648097","0,803243243243243","0,552827380952381","48,7241958244138","45,0673868727196","43,4975167506888","688,35397039031","659,979811574697",658,638,714,686,"0,480845100025387"
754,642,"98,0832611206852","0,568765347323149","0,953937592867756","0,71412680756396","31,9065611236141","26,243141281107","28,590554169515","687,669781931464","885,445482866044",674,872,705,901,"0,838600463273061"
755,702,"120,225396744416","0,665111941532276","0,842737094837935","0,512783053323594","36,6067012964664","27,3358223880589","29,8967249110013","694,356125356125","770,55698005698",676,751,713,788,"0,61031569472442"
756,313,"68,6690475583121","0,618331630473711","0,928783382789317","0,652083333333333","22,8251425265702","17,9386742750215","19,9630653333126","689,431309904153","618,581469648562",681,607,701,631,"0,834126951745065"
757,988,"198,994949366117","0,7762519225954","0,679037800687285","0,45953488372093","50,2758969718185","31,6950735720194","35,4677412615794","703,811740890688","855,894736842105",684,835,734,878,"0,313532597844932"
758,756,"111,053823869162","0,76053485319592","0,933333333333333","0,658536585365854","39,0687410035525","25,3672206255441","31,0252976749585","690,964285714286","1307,46296296296",677,1287,705,1328,"0,770308385342536"
759,388,"91,0121933088198","0,837735102228598","0,834408602150538","0,56231884057971","31,8327165535306","17,3831087776986","22,2264919264657","689,672680412371","170,621134020619",673,160,703,183,"0,588630048729158"
760,913,"133,923881554251","0,778833959850516","0,872848948374761","0,533918128654971","44,5263915426549","27,9282953142138","34,0949806326856","689,636363636364","335,410733844469",672,313,710,358,"0,639682670246515"
761,171,"59,9411254969543","0,897250181992088","0,830097087378641","0,534375","23,4827793031796","10,3681752363152","14,7554722780978","688,298245614035","952,526315789474",678,945,698,961,"0,598075742070222"
762,654,"106,183766184074","0,614815227486166","0,926345609065156","0,686974789915966","34,1314127911488","26,918461728482","28,8565185401288","692,902140672783","10,3455657492355",676,0,710,28,"0,728905726519013"
763,207,"56,5269119345812","0,706872014775838","0,903930131004367","0,638888888888889","19,5951852638031","13,8604871431183","16,234549139418","692,56038647343","535,632850241546",685,527,703,545,"0,814084879279788"
764,1899,"204,308657865101","0,767334881455596","0,877947295423024","0,616558441558442","63,381868564512","40,64340661606","49,1719624933973","698,318588730911","1142,76566614007",671,1118,727,1173,"0,571690910187382"
765,281,"69,254833995939","0,722692226228627","0,918300653594771","0,638636363636364","23,247831859975","16,0682035640337","18,915081603593","694,455516014235","1342,07117437722",686,1331,706,1353,"0,736234218698959"
766,180,"57,1126983722081","0,756384696098488","0,845070422535211","0,612244897959184","19,8065181036659","12,9559791665744","15,138795132121","696,2","704,683333333333",690,696,704,717,"0,69345296606872"
767,156,"47,4558441227157","0,751275623330986","0,945454545454545","0,65","17,6264489020142","11,6332551423036","14,0934512798919","694,717948717949","108,391025641026",688,101,703,117,"0,870472502585708"
768,370,"94,5685424949238","0,774734089977657","0,728346456692913","0,531609195402299","30,588763686253","19,3408834171231","21,704806646271","699,343243243243","298,775675675676",687,289,716,313,"0,519898059850431"
769,346,"72,7695526217005","0,760048420178465","0,932614555256065","0,692","26,4380945823145","17,1812305926313","20,9890657838401","693,771676300578","796,309248554913",681,786,706,806,"0,821082040517302"
770,460,"100,325901807805","0,707317041067896","0,805604203152364","0,520361990950226","31,5793598512302","22,3233376489105","24,2010369731996","698,334782608696","823,715217391304",682,809,716,835,"0,574303616729204"
771,464,"105,189862838483","0,747034006146826","0,840579710144927","0,604166666666667","31,0757264162058","20,6587024356764","24,306031118986","701,810344827586","556,724137931035",687,546,719,570,"0,526962932132623"
772,272,"62,6274169979695","0,556051444095402","0,941176470588235","0,755555555555556","20,6523287185859","17,1651391456776","18,6097059667251","703,382352941177","1379,25367647059",694,1370,714,1388,"0,871464635605638"
773,363,"81,8761543394987","0,83403754123981","0,862232779097387","0,517094017094017","29,8486592705565","16,4677349801239","21,4985105237285","701,134986225895","500,162534435262",686,488,713,514,"0,680458458652913"
774,491,"105,639610306789","0,725570883214291","0,781847133757962","0,586618876941458","32,6744310492337","22,4848259435498","25,0032121229446","703,535641547861","1252,95519348269",690,1238,717,1269,"0,552888778077541"
775,159,"72,9116882454314","0,586251283682675","0,694323144104803","0,418421052631579","19,2673120586237","15,6090134323389","14,228319915327","707,188679245283","995,918238993711",699,986,718,1006,"0,375848377479033"
776,913,"160,610173055266","0,726227784760735","0,762103505843072","0,583759590792839","44,9081534136241","30,872296311831","34,0949806326856","703,049288061336","1049,32968236583",687,1024,721,1070,"0,444769032539277"
777,942,"135,053823869162","0,658199089259317","0,871415356151711","0,656445993031359","41,287931322051","31,0833678188645","34,6322342787832","707,197452229299","1191,17197452229",684,1173,725,1208,"0,649003436599292"
778,429,"81,1126983722081","0,545133030907195","0,938730853391685","0,8125","25,8244237498569","21,649894193405","23,3713449482777","710,081585081585","160,578088578089",699,150,721,174,"0,81938773252038"
779,279,"68,2842712474619","0,621297079490839","0,888535031847134","0,673913043478261","21,7885660512411","17,0729778457618","18,8476479429427","709,731182795699","364,921146953405",698,356,721,374,"0,751921857811443"
780,257,"62,0416305603426","0,767536959694125","0,944852941176471","0,834415584415584","22,9220762078531","14,6931584056496","18,0892941541934","710,513618677043","627,311284046693",704,617,718,639,"0,839028244274031"
781,195,"62,2842712474619","0,826744102691182","0,86283185840708","0,663265306122449","22,187185302489","12,4820259334628","15,7569575497098",711,"1107,78974358974",705,1098,719,1119,"0,631666290008212"
782,1201,"179,338095116624","0,475676217439983","0,829993089149965","0,620351239669422","43,7067006302208","38,4453076789486","39,1044843109704","719,913405495421","589,823480432973",700,566,744,610,"0,469253765695969"
783,1308,"182,651803615609","0,798556854844042","0,816989381636477","0,515366430260047","54,4067751380779","32,7484927910605","40,8092798823208","715,445718654434","39,7446483180428",690,14,737,68,"0,492685383096465"
784,249,"79,1543289325507","0,837593099310406","0,756838905775076","0,456043956043956","27,1614311217376","14,838143398635","17,8055229251785","719,622489959839","422,763052208835",709,414,735,435,"0,499413029202604"
785,518,"91,0121933088197","0,370623118732196","0,945255474452555","0,685185185185185","27,6568805202884","25,6872500303636","25,681473559218","716,677606177606","95,1100386100386",704,79,731,107,"0,785851456808515"
786,464,"97,0121933088197","0,683672648942876","0,846715328467153","0,680351906158358","29,8232941372508","21,7647063772449","24,306031118986","715,575431034483","736,534482758621",702,726,733,748,"0,619548339905217"
787,622,"112,461940777126","0,747591388348217","0,845108695652174","0,646569646569647","36,3437739311837","24,1380428755161","28,1416949884912","721,036977491962","384,106109324759",705,372,742,398,"0,618000890431218"
788,513,"91,3908729652601","0,726574570701107","0,936131386861314","0,684","31,7656889861707","21,8258115426877","25,5572276753395","718,692007797271","669,633528265107",707,653,732,683,"0,771829862574806"
789,725,"125,154328932551","0,763554319257715","0,817361894024803","0,599669148056245","40,8647274224262","26,3881363443886","30,3825388987325","718,460689655172","120,729655172414",705,106,736,145,"0,5816424816868"
790,447,"99,0477272147525","0,738552570233036","0,851428571428571","0,638571428571429","30,4605226844582","20,536359266835","23,8566149421207","722,812080536913","1356,29977628635",709,1346,737,1371,"0,572569695268005"
791,801,"116,296464556282","0,752677163105853","0,913340935005701","0,641826923076923","40,0073025702887","26,3403987040993","31,9353233165544","719,148564294632","1222,34956304619",704,1203,736,1242,"0,744233741059145"
792,397,"93,7340187157677","0,76041095070696","0,806910569105691","0,57536231884058","31,1890624760885","20,2554937082884","22,48279562821","722,23677581864","1333,84130982368",713,1316,736,1346,"0,567813738669001"
793,610,"103,982756057297","0,544012076886354","0,88150289017341","0,580952380952381","31,9793456928595","26,8331457995821","27,8689095999189","722,288524590164","448,340983606557",705,430,735,465,"0,708952356858759"
794,800,"124,468037431535","0,38670631028477","0,838574423480084","0,617760617760618","34,4866641973554","31,8037024973327","31,9153824321146","725,6925","707,01",711,690,746,727,"0,648909552538937"
795,888,"127,296464556282","0,566980074317449","0,881827209533267","0,634285714285714","38,0600917721874","31,3512967451891","33,6249418694639","725,707207207207","797,774774774775",710,779,745,819,"0,688636670822795"
796,633,"110,461940777126","0,65644206157746","0,890295358649789","0,664915966386555","33,7665958918709","25,4727245467528","28,3894457821451","727,930489731438","1063,58135860979",715,1048,743,1082,"0,651910889180564"
797,1365,"146,468037431535","0,66380257050269","0,94923504867872","0,755813953488372","48,5027053311006","36,2755539110445","41,6889910955338","722,466666666667","1287,31208791209",701,1266,743,1309,"0,799570551829671"
798,392,"77,5979797464467","0,697138321958538","0,933333333333333","0,717948717948718","26,692217286359","19,1366288413046","22,3407677024802","725,844387755102","319,566326530612",716,306,737,332,"0,818078731240872"
799,1947,"214,036579926459","0,767158268819026","0,874270318814549","0,594322344322344","63,8703161911401","40,9701165618823","49,7895309638418","722,238828967643","900,428351309707",690,875,753,927,"0,534072000369365"
800,363,"90,1837661840736","0,767021160581243","0,82312925170068","0,605","28,7064658932967","18,4186944296194","21,4985105237285","727,011019283747","1098,71074380165",717,1082,737,1112,"0,560866825727544"
801,614,"116,367532368147","0,677861543327613","0,859943977591036","0,547237076648841","33,9686902962123","24,9734273723445","27,9601337705561","728,729641693811","260,547231270358",711,244,745,277,"0,569789688050986"
802,903,"134,367532368147","0,906586664723338","0,921428571428571","0,557407407407407","52,707597263489","22,243643895133","33,9077470336183","727,746400885936","497,492801771872",706,480,751,516,"0,628505281189056"
803,472,"95,9827560572969","0,427957636249655","0,842857142857143","0,525027808676307","27,3066617216644","24,6797279554667","24,5146704060038","728,239406779661","964,815677966102",712,949,741,980,"0,643821432981336"
804,192,"60,9411254969543","0,887153510680847","0,831168831168831","0,571428571428571","23,931465937988","11,0437595753855","15,6352803808934","731,328125","298,078125",726,286,740,310,"0,649666018620535"
805,638,"128,710678118655","0,797894567572827","0,764071856287425","0,529900332225914","41,1382627960284","24,7980226212361","28,5013478548127","732,073667711599","632,451410658307",719,613,747,656,"0,483950993671653"
806,1471,"185,030483272049","0,52380838352824","0,876116736152472","0,577315541601256","49,6378217119686","42,2832895109053","43,2774233325579","734,927260367097","537,326988443236",707,512,756,564,"0,539928149733676"
807,660,"126,610173055266","0,871151939719136","0,777385159010601","0,548172757475083","43,5386129079","21,3780485153387","28,9885856765246","736,775757575758","1125,08484848485",715,1112,758,1140,"0,517388289550819"
808,176,"54,1837661840736","0,634561941444232","0,854368932038835","0,544891640866873","17,9062993042841","13,8392775190827","14,9696412740382","740,965909090909","409,011363636364",733,401,750,420,"0,753328078118271"
809,515,"103,982756057297","0,900803564354359","0,878839590443686","0,628048780487805","39,781792912874","17,2743217620649","25,6069983703403","741,557281553398","673,316504854369",732,652,752,693,"0,598541743905346"
810,2558,"235,036579926459","0,594313618354112","0,86098956580276","0,590625721542369","66,4090249696313","53,4083543468112","57,0696658079627","740,598514464425","214,973807662236",706,185,777,246,"0,581888114140929"
811,517,"105,710678118655","0,665730228089382","0,812893081761006","0,555913978494624","31,4856785024905","23,4943775009529","25,6566725166784","744,063829787234","998,57833655706",729,984,760,1014,"0,581383483255452"
812,256,"62,0121933088198","0,748123056953002","0,937728937728938","0,627450980392157","22,4127890685252","14,8722306192337","18,0540666735282","742,48046875","67,3515625",735,56,752,80,"0,836557206881782"
813,272,"65,698484809835","0,680177738902164","0,925170068027211","0,71957671957672","22,14107202699","16,230451550198","18,6097059667251","744,713235294118","1101,87132352941",737,1092,755,1113,"0,791895838649411"
814,266,"71,698484809835","0,778638200222294","0,877887788778878","0,625882352941176","25,0862146131875","15,7409260885943","18,4033072815609","742,312030075188","140,187969924812",735,131,752,156,"0,650236800292082"
815,472,"94,2842712474619","0,868220145824128","0,888888888888889","0,794612794612795","35,78863951803","17,7575777992614","24,5146704060038","744,822033898305","116,148305084746",736,99,754,132,"0,667226620942838"
816,303,"75,1837661840736","0,809826004998922","0,878260869565217","0,569548872180451","26,4308231043933","15,506174431015","19,6415778911663","749,762376237624","189,006600660066",738,180,766,199,"0,673603505190105"
817,289,"68,1837661840736","0,609641927765434","0,920382165605096","0,598343685300207","22,5963351257045","17,9115936216352","19,1824458406237","745,615916955017","846,193771626298",734,835,757,856,"0,78117032044326"
818,255,"68,8700576850888","0,75290072489052","0,844370860927152","0,610047846889952","23,1244274475372","15,2189743318717","18,0187703217358","748,239215686275","724,462745098039",738,716,760,735,"0,675599237839847"
819,159,"49,5918830920368","0,739638460370108","0,924418604651163","0,668067226890756","17,8636042732148","12,0222846144482","14,228319915327","744,685534591195","1341,89308176101",735,1335,752,1349,"0,812429695763645"
820,403,"83,254833995939","0,780929448940747","0,915909090909091","0,6296875","29,2113786612977","18,2459891574535","22,652053693391","748,116625310174","1197,32506203474",739,1181,759,1213,"0,730627461689923"
821,488,"86,2193000900063","0,416591667577374","0,942084942084942","0,697142857142857","26,7450691650718","24,3137742830389","24,926710529686","752,206967213115","1277,42008196721",742,1264,767,1292,"0,824936842349683"
822,498,"97,6396103067893","0,707454225564152","0,854202401372213","0,613300492610837","31,1265606271463","21,9989820294315","25,1808120059324","752,010040160643","763,118473895582",740,749,768,778,"0,656428051834854"
823,356,"84,4974746830583","0,847029901906313","0,847619047619048","0,551083591331269","30,091681807764","15,9950903165406","21,2902155443696","747,952247191011","1034,01685393258",729,1025,763,1044,"0,626574047559649"
824,272,"64,8700576850888","0,747913482199965","0,944444444444444","0,68","23,2482530088836","15,4321024944191","18,6097059667251","748,481617647059","1072,97426470588",738,1064,758,1084,"0,812250897346926"
825,319,"77,3259018078045","0,729098846556952","0,876373626373626","0,537037037037037","25,497981154324","17,4510327450814","20,1534963410947","752,702194357367","82,5360501567398",742,71,764,98,"0,670425554414134"
826,270,"68,7695526217005","0,756753810778924","0,885245901639344","0,613636363636364","23,6620338780957","15,467871181816","18,5411616971131","750,096296296296","584,781481481481",741,575,761,597,"0,717432803209896"
827,151,"44,2842712474619","0,387762773228859","0,955696202531646","0,671111111111111","14,5535379419225","13,414857560881","13,8657553438321","752,384105960265","55,4635761589404",745,49,760,64,"0,967582058650378"
828,275,"64,8700576850888","0,720473264564331","0,941780821917808","0,735294117647059","22,8669741846053","15,8578513256174","18,7120515925478","754,094545454545","622,894545454545",744,616,766,633,"0,821209546950016"
829,1007,"144,639610306789","0,583643982137608","0,832231404958678","0,630952380952381","41,0465306861076","33,3301797850318","35,8071532175948","755,375372393247","449,344587884806",738,431,776,473,"0,60487390441089"
830,275,"62,8700576850888","0,60565134283974","0,932203389830508","0,727513227513228","21,2660193056127","16,9220124553179","18,7120515925478","753,650909090909","941,189090909091",744,932,765,950,"0,87428864954629"
831,256,"63,3553390593274","0,714939199157925","0,911032028469751","0,654731457800512","21,9701536442767","15,3612376547066","18,0540666735282","752,34375","955,9296875",741,949,764,966,"0,801462838859829"
832,409,"90,4264068711928","0,556614970631808","0,839835728952772","0,688552188552189","25,9772950829179","21,581172782333","22,8200563933721","757,242053789731","1162,97310513447",747,1150,769,1177,"0,628554041800428"
833,327,"79,254833995939","0,602901930578562","0,842783505154639","0,503076923076923","24,1435316243258","19,2620790649835","20,4046399411604","757,14373088685","352,792048929664",745,339,771,364,"0,654193305188086"
834,509,"97,5685424949238","0,730127978929947","0,886759581881533","0,581714285714286","31,8215130949408","21,7439715781363","25,4573943731521","757,666011787819","384,151277013752",741,372,776,397,"0,671905214400834"
835,239,"56,7279220613579","0,752253793845438","0,987603305785124","0,919230769230769","21,7055209055063","14,3011915506222","17,444318593505","757,338912133891","799,393305439331",751,790,764,810,"0,933284415057254"
836,188,"65,5979797464467","0,89815823162235","0,786610878661088","0,474747474747475","25,2671204514133","11,1092546752732","15,4715556557901","764,010638297872","603,632978723404",754,595,776,613,"0,549018254233043"
837,286,"68,5269119345812","0,667332981426654","0,907936507936508","0,690821256038647","22,6080816506453","16,8375832682636","19,0826232419512","761,272727272727","692,472027972028",753,683,771,706,"0,765338523733774"
838,230,"66,7340187157677","0,855341325701014","0,874524714828897","0,657142857142857","24,5980605313969","12,7433911981053","17,1127173554958","763,334782608696","1082,60434782609",758,1070,772,1095,"0,64899767717987"
839,571,"123,053823869162","0,883670961672055","0,783264746227709","0,528703703703704","42,8808273344071","20,0728826810306","26,963304323539","759,103327495622","1254,09106830123",733,1242,778,1266,"0,473866213298331"
840,342,"83,0832611206852","0,661497649973525","0,830097087378641","0,59375","25,8906888104041","19,4166505511223","20,8673890149061","765,874269005848","470,295321637427",755,459,779,483,"0,622599690554251"
841,439,"83,3553390593274","0,682400245253766","0,932059447983015","0,756896551724138","27,9663410684278","20,4428005068873","23,6421691081579","762,651480637813","1229,99544419134",749,1220,778,1240,"0,793976300793443"
842,452,"85,254833995939","0,71034383516426","0,931958762886598","0,672619047619048","29,1710018095127","20,5321508123664","23,9896701565547","765,632743362832","333,628318584071",753,321,777,349,"0,781466333143076"
843,387,"76,1837661840736","0,578207970192509","0,932530120481928","0,732954545454545","24,8989579046644","20,3147962858728","22,1978310609958","767,139534883721","406,715762273902",756,396,780,418,"0,837907257734979"
844,278,"71,3553390593274","0,818680655531193","0,855384615384615","0,681372549019608","25,8328340491289","14,8344807001714","18,8138404754685","764,859712230216","650,996402877698",757,639,774,663,"0,68612257952005"
845,1799,"174,066017177982","0,677000338705252","0,922564102564103","0,608181203515889","56,8549804141108","41,8442822521694","47,8597737246903","768,068371317399","290,967759866592",742,263,793,321,"0,746127492629617"
846,627,"106,225396744416","0,777318517745964","0,896995708154507","0,59375","37,337920001037","23,4895558748296","28,254578293596","769,732057416268","1011,55023923445",756,998,788,1031,"0,698265654859111"
847,212,"54,6274169979695","0,604053352686343","0,946428571428571","0,785185185185185","18,5422387011894","14,7771236455583","16,4294486664603","767,63679245283","1211,18396226415",761,1202,776,1220,"0,892738764874697"
848,347,"88,3259018078045","0,858539250268418","0,797701149425287","0,494301994301994","31,9203737106519","16,367102931225","21,0193749198948","766,348703170029","169,345821325648",752,158,779,184,"0,558937410116913"
849,305,"69,5979797464467","0,816845410457002","0,905044510385757","0,61","26,3823734208036","15,2188471107456","19,7062949623775","772,36393442623","1064,5737704918",763,1052,783,1077,"0,791254944161086"
850,1138,"147,882250993909","0,612929483028221","0,90533015115354","0,654399079930995","44,6249923861369","35,2598850024572","38,065031221695","772,535149384886","22,1818980667838",757,0,794,47,"0,653913074628928"
851,375,"76,6274169979695","0,697566337313203","0,935162094763092","0,741106719367589","26,291365731346","18,8382947795926","21,8509686118416","771,682666666667","1376,048",761,1366,784,1388,"0,802551219586226"
852,223,"64,5269119345812","0,83129021085815","0,854406130268199","0,633522727272727","23,520078658039","13,07336835656","16,8502943142232","777,686098654709","701,417040358744",767,693,789,709,"0,673027738678452"
853,305,"88,0832611206852","0,849410890937051","0,753086419753086","0,500821018062397","29,4382277125816","15,5354968660504","19,7062949623775","775,445901639344","534,213114754098",765,521,786,550,"0,4939954319295"
854,150,"53,0416305603426","0,861359447519211","0,833333333333333","0,657894736842105","20,381217677106","10,3535763761224","13,8197659788534","772,893333333333","85,9933333333333",763,80,782,92,"0,669988564990971"
855,626,"106,426406871193","0,795588946080473","0,882933709449929","0,652083333333333","37,4412270275567","22,6832731902347","28,2320377409108","775,58945686901","730,297124600639",759,716,789,748,"0,694521024825288"
856,381,"81,4558441227157","0,712856732438913","0,892271662763466","0,692727272727273","27,4215108424457","19,2309712238413","22,0250826682693","777,018372703412","1355,57217847769",766,1342,788,1367,"0,721589728305727"
857,447,"94,7045814642449","0,766143307193632","0,85632183908046","0,655425219941349","30,5140665015085","19,610468090094","23,8566149421207","783,702460850112","448,619686800895",774,433,796,464,"0,626289901345507"
858,1539,"189,852813742386","0,724813610423833","0,835958718087996","0,650739957716702","56,3694983882286","38,8354847674317","44,2664168342934","784,221572449643","501,011695906433",760,478,815,521,"0,536555199483854"
859,2152,"242,107647738325","0,588483627400296","0,816078877512325","0,537731134432784","64,3251519767951","52,0074729398769","52,3451191637775","782,940985130112","900,797862453532",748,878,817,936,"0,461354875561562"
860,447,"82,1837661840736","0,636605016878815","0,929313929313929","0,694099378881988","27,7693986617774","21,4154832090558","23,8566149421207","779,221476510067","246,742729306488",764,236,792,259,"0,831659031408897"
861,857,"119,39696961967","0,749998173255935","0,904008438818565","0,64291072768192","41,5159845994403","27,4603286642193","33,0328062664684","778,106184364061","1302,91365227538",756,1288,799,1319,"0,755447133246476"
862,605,"96,5269119345812","0,376721068513974","0,936532507739938","0,772669220945083","29,3325065611776","27,1714852944018","27,7544577422218","781,571900826446","1190,54214876033",769,1177,796,1206,"0,815959143728032"
863,942,"121,882250993909","0,600184628432088","0,941058941058941","0,68809349890431","39,3474300198133","31,4724942150645","34,6322342787832","780,577494692144","802,188959660297",764,785,801,822,"0,79685597596425"
864,215,"61,1126983722081","0,707666930816838","0,853174603174603","0,639880952380952","20,3839479322723","14,4022006971323","16,5452864018143","781,125581395349","1162,00465116279",774,1152,790,1173,"0,723411492550536"
865,355,"72,0416305603426","0,421993603096008","0,944148936170213","0,806818181818182","22,5464524427552","20,4405869127001","21,2602925281141","782,377464788732","757,059154929578",772,747,792,769,"0,859550009147564"
866,450,"100,811183182043","0,599932160931886","0,831792975970425","0,576923076923077","28,6574577416925","22,9274241359884","23,936536824086","784,846666666667","1040,54444444444",772,1024,798,1054,"0,556422846902425"
867,169,"47,4558441227157","0,567233184754968","0,965714285714286","0,704166666666667","16,3086250219035","13,4310860781235","14,6689291722417","784,710059171598","1325,81065088757",777,1318,792,1334,"0,943011877801184"
868,195,"57,9411254969543","0,750447250204508","0,874439461883408","0,65","20,175209978009","13,3344085479701","15,7569575497098","783,651282051282","574,912820512821",774,568,794,583,"0,729912197696293"
869,195,"60,1837661840736","0,778610646252472","0,855263157894737","0,570175438596491","20,9208144369623","13,127964614445","15,7569575497098","786,979487179487","1237,70256410256",778,1230,796,1249,"0,676527963326369"
870,327,"80,3259018078045","0,762072049173613","0,86737400530504","0,593466424682396","26,4916263882174","17,153122327402","20,4046399411604","786,666666666667","1265,29357798165",778,1250,797,1279,"0,636863554833715"
871,662,"110,325901807805","0,780228657695808","0,897018970189702","0,608455882352941","37,9707461493865","23,7504889976685","29,032474552037","790,028700906344","217,268882175227",777,199,809,233,"0,683459652324075"
872,1180,"180,994949366117","0,724086060820325","0,785096473719228","0,502127659574468","52,4441940372374","36,1712657719415","38,7610972856483","784,795762711864","966,384745762712",759,943,809,990,"0,452646283689001"
873,365,"82,1837661840736","0,859924230039901","0,881642512077295","0,620748299319728","30,8905890208669","15,7672271665706","21,5576537180727","789,419178082192","861,758904109589",780,850,801,878,"0,679095182246638"
874,840,"114,468037431535","0,457621951684537","0,933333333333333","0,65015479876161","35,0419998926304","31,1574843832754","32,703535245865","793,016666666667","138,696428571429",777,119,811,157,"0,805602260898363"
875,229,"60,1421356237309","0,351779861936295","0,916","0,795138888888889","18,160007446761","16,9992698455032","17,0754752714047","793,864628820961","841,270742358079",786,834,804,850,"0,795586957777046"
876,442,"106,911688245431","0,864490498691719","0,764705882352941","0,497747747747748","37,3858095191074","18,7919457366806","23,7228134666389","791,733031674208","1145,96153846154",778,1129,802,1166,"0,485939002941838"
877,1120,"139,610173055266","0,755397424668799","0,898876404494382","0,592592592592593","47,8561642310882","31,3585611326732","37,7627897553052","796,854464285714","57,7758928571429",776,36,818,81,"0,72209403234448"
878,329,"78,8406204335659","0,890716903151032","0,889189189189189","0,534090909090909","31,2142683818648","14,1887099333595","20,4669443302577","798,443768996961","255,559270516717",788,241,810,269,"0,665128711565959"
879,421,"89,4264068711929","0,702138354150809","0,877083333333333","0,677938808373591","28,3780611164382","20,206329981965","23,1524048067043","798,857482185273","553,634204275534",786,542,813,565,"0,661546532344689"
880,333,"72,2842712474619","0,76857098619786","0,927576601671309","0,753393665158371","26,1730872716936","16,7446125769195","20,5909875527331","795,711711711712","164,378378378378",782,156,808,173,"0,800878221018778"
881,245,"61,8700576850888","0,736324175517596","0,917602996254682","0,716374269005848","21,7227901356769","14,6982682402648","17,6619276541411","799,114285714286","1328,46530612245",791,1320,809,1339,"0,804294143737678"
882,392,"88,5269119345812","0,651872357611644","0,869179600886918","0,608695652173913","27,6560768163826","20,9723970006053","22,3407677024802","797,892857142857","336,691326530612",787,327,810,355,"0,628557916946664"
883,711,"127,568542494924","0,532405662018209","0,830607476635514","0,673295454545455","34,561237039109","29,2557189006124","30,0877602407806","801,504922644163","386,12517580872",787,369,819,402,"0,549025198335823"
884,238,"59,4558441227157","0,59625765669233","0,922480620155039","0,708333333333333","19,715830743615","15,8277334395781","17,407785949022","799,096638655462","827,071428571429",789,819,810,835,"0,846053297217666"
885,891,"122,568542494924","0,693636084345142","0,915724563206578","0,710526315789474","40,2806916499314","29,0152137300648","33,681692866586","800,971941638608","707,89898989899",785,688,818,726,"0,745297259820999"
886,167,"51,4558441227157","0,578890190304389","0,888297872340426","0,65234375","16,6252511858386","13,5563214407328","14,5818724439206","801,059880239521","406,089820359281",793,399,809,415,"0,792605206742136"
887,310,"72,142135623731","0,837604527209634","0,939393939393939","0,82010582010582","27,3744074502751","14,9540115657174","19,867165345562",801,"320,5",788,314,815,328,"0,748503040219536"
888,907,"142,746212024587","0,566094362255711","0,854853911404335","0,599867724867725","38,4140685466897","31,6662704476346","33,982764264768","802,630650496141","473,09592061742",781,453,823,489,"0,55935556884076"
889,500,"101,882250993909","0,725659792777126","0,87260034904014","0,556173526140156","31,3505707714685","21,5708755571754","25,2313252202016","800,598","992,344",786,978,817,1007,"0,605316907850397"
890,856,"113,533008588991","0,719941647818615","0,950055493895671","0,726655348047538","40,1352063029055","27,8552217869807","33,0135282921002","808,733644859813","751,828271028037",792,738,830,769,"0,834524969085607"
891,727,"121,882250993909","0,916609154016116","0,917929292929293","0,549508692365835","48,9610797386843","19,5738815380305","30,424416987388","806,950481430537","1069,04126547455",794,1044,821,1093,"0,614983327522303"
892,387,"77,556349186104","0,683745069049485","0,941605839416058","0,826923076923077","26,4507230221395","19,3016470161139","22,1978310609958","805,702842377261","305,795865633075",793,297,819,315,"0,808511337755166"
893,704,"116,325901807805","0,765484515177379","0,878901373283396","0,651851851851852","38,1069778466114","24,5200993723621","29,9392825480764","809,603693181818","578,676136363636",792,563,828,593,"0,653777043816701"
894,442,"82,8700576850888","0,563383968511924","0,930526315789474","0,739130434782609","26,8541405300224","22,186761933234","23,7228134666389","807,488687782806","286,316742081448",797,272,820,298,"0,808792007816597"
895,200,"53,7989898732233","0,597437567010677","0,938967136150235","0,740740740740741","18,1489791591307","14,5539463885724","15,9576912160573","807,46","802,385",801,795,816,813,"0,86834361808919"
896,461,"95,0121933088198","0,881354265328239","0,884836852207294","0,640277777777778","36,701559239477","17,339871369119","24,2273281672352","806,861171366594","1185,77440347072",798,1167,818,1203,"0,641729644802115"
897,984,"127,290367901872","0,765497639057877","0,932701421800948","0,762790697674419","44,6567127449289","28,7338573315645","35,3958713979385","810,438008130081","100,30081300813",795,80,825,123,"0,763156977020562"
898,712,"124,953318805774","0,7763001926096","0,82983682983683","0,54980694980695","39,8681804166569","25,1314415978127","30,108911568694","814,672752808989","185,546348314607",798,171,835,206,"0,573052308492455"
899,644,"100,284271247462","0,679296987150921","0,941520467836257","0,838541666666667","33,9019841501773","24,8794279742671","28,6350531134385","811,156832298137","603,641304347826",796,592,828,616,"0,804692744624465"
900,287,"68,0416305603426","0,755296883856329","0,950331125827815","0,686602870813397","24,4849006015009","16,0469827643891","19,1159553603526","812,609756097561","40,2543554006969",800,33,822,52,"0,779008749696078"
901,982,"129,154328932551","0,744818499736122","0,928166351606805","0,711594202898551","44,4221646677804","29,6414496496195","35,3598816871597","814,847250509165","17,9969450101833",795,3,841,33,"0,739781416209066"
902,1570,"194,79393923934","0,774304061048829","0,855119825708061","0,519179894179894","60,4590500244021","38,2593171572455","44,7100222012269","808,180891719745","652,048407643312",769,625,832,673,"0,519946472259097"
903,306,"78,6690475583121","0,886242705923541","0,854748603351955","0,511705685618729","29,7799161983692","13,7946880694687","19,7385739274386","813,454248366013","848,480392156863",803,837,826,863,"0,621331692011326"
904,635,"99,7695526217005","0,624426214256369","0,929721815519766","0,763221153846154","32,5669414441738","25,4375103844102","28,4342594576829","814,670866141732","780,423622047244",802,765,828,797,"0,801655062893787"
905,210,"58,2842712474619","0,742738817900258","0,91703056768559","0,65625","20,6102817360517","13,800258177398","16,3517676229325","815,309523809524","1347,88095238095",807,1341,827,1357,"0,776830766259157"
906,182,"60,5269119345812","0,830999904543633","0,834862385321101","0,608695652173913","21,5345531136125","11,9790809432755","15,2226672151039","814,318681318681","251,642857142857",808,241,821,264,"0,624286894811927"
907,240,"69,0121933088197","0,879210096158955","0,851063829787234","0,533333333333333","26,2703840022671","12,5161110367615","17,4807748894733","812,004166666667","1249,42916666667",800,1241,825,1259,"0,633241611519677"
908,450,"96,0832611206852","0,835316632176803","0,865384615384615","0,568181818181818","33,421421810886","18,3740668345379","23,936536824086","818,875555555556","136,264444444444",807,123,831,156,"0,612529356885708"
909,321,"84,6690475583121","0,872594938319895","0,825192802056555","0,582577132486388","30,4058329413782","14,8515632388328","20,2165747311454","819,819314641745","685,588785046729",810,672,829,701,"0,562685271631214"
910,449,"95,1543289325507","0,538290579258219","0,843984962406015","0,668154761904762","27,5424213684715","23,2116319904783","23,909925879979","817,581291759466","1210,04677060134",803,1198,831,1222,"0,62315933252372"
911,216,"56,8700576850888","0,662493162596848","0,923076923076923","0,668730650154799","19,5441450420342","14,639892867198","16,5837191746241","817,361111111111","1325,31018518519",809,1316,826,1335,"0,839259522582393"
912,321,"70,5269119345812","0,759177768102495","0,933139534883721","0,713333333333333","25,2555820703773","16,4384374977149","20,2165747311454","821,753894080997","495,760124610592",813,484,831,509,"0,810970692508501"
913,246,"60,4558441227157","0,752421113988282","0,938931297709924","0,732142857142857","22,1265916738994","14,5743958887296","17,6979356989692","819,089430894309","1293,94308943089",810,1287,831,1303,"0,845801385534558"
914,243,"60,3847763108502","0,754371212134527","0,931034482758621","0,752321981424149","21,9464112540316","14,4066794063491","17,5896904285051","822,074074074074","434,864197530864",813,427,832,444,"0,837454487229876"
915,166,"47,7989898732233","0,608215367361535","0,943181818181818","0,798076923076923","16,4209788766448","13,0345140612051","14,5381485900385","820,933734939759","925,644578313253",815,918,828,934,"0,913020469583055"
916,369,"79,254833995939","0,787933812994721","0,887019230769231","0,675824175824176","28,3762423462539","17,4729533451726","21,6754559815307","821,073170731707","547,493224932249",809,537,835,558,"0,738218133377381"
917,878,"135,39696961967","0,384228288943455","0,855750487329435","0,593243243243243","37,3563400244514","34,4887970483629","33,4350761966751","825,887243735763","1030,41116173121",803,1013,843,1050,"0,601847542170551"
918,2750,"208,503571337468","0,710307600510188","0,957187608771319","0,82089552238806","71,0597846420935","50,0183717832002","59,172702727032","823,597090909091","1129,49272727273",799,1098,849,1165,"0,794905609164"
919,334,"73,2487373415292","0,482353651207922","0,907608695652174","0,759090909090909","22,4879698948346","19,6989347857944","20,6218817749871","824,904191616766","452,40119760479",816,443,836,465,"0,78226886512378"
920,375,"77,5979797464467","0,423544117418716","0,907990314769976","0,679347826086957","23,3948175076464","21,1927914790103","21,8509686118416","825,344","1277,49066666667",814,1265,837,1289,"0,782600827079916"
921,206,"56,8700576850888","0,343106689177774","0,915555555555556","0,715277777777778","17,1927049709883","16,149046551665","16,195287778099","826,902912621359","1355,23786407767",818,1347,836,1363,"0,80040491505543"
922,319,"67,1126983722081","0,475407593867331","0,946587537091988","0,725","21,6728145986968","19,0669980786252","20,1534963410947","825,351097178683","1370,9592476489",815,1362,837,1382,"0,89000233437449"
923,319,"77,0121933088197","0,841590380560574","0,888579387186629","0,577898550724638","28,6584599537296","15,4789017206086","20,1534963410947","828,746081504702","315,808777429467",817,303,840,327,"0,675898624326013"
924,619,"101,497474683058","0,726764687813202","0,890647482014388","0,623991935483871","34,8277416193686","23,9227061691502","28,0737471348423","825,843295638126","814,819063004846",810,800,841,832,"0,755074909517404"
925,420,"85,0121933088198","0,719921736523708","0,876826722338205","0,648148148148148","28,5478218880542","19,8137657238585","23,1248915411244","828,742857142857","63,6595238095238",817,49,841,76,"0,730292284285631"
926,960,"122,911688245431","0,660856408508818","0,936585365853659","0,727272727272727","41,2235361366195","30,9387735258157","34,9615497789465","835,797916666667","896,18125",817,880,857,913,"0,798536421411329"
927,731,"129,539105243401","0,832868005291873","0,826923076923077","0,548387096774194","43,4131639725944","24,027956217552","30,508000708034","836,863201094391","210,422708618331",823,193,854,236,"0,547426043722221"
928,431,"94,3259018078045","0,775243435754489","0,853465346534653","0,567852437417655","31,3728656722635","19,8170652811606","23,4257602604666","834,728538283063","1186,11832946636",822,1171,845,1204,"0,608730696088592"
929,222,"58,9705627484771","0,804383520328201","0,925","0,74","22,0913530609636","13,1247023216665","16,8124709347319","837,68018018018","128,306306306306",830,118,845,138,"0,802217799916243"
930,176,"60,7695526217005","0,542341899865047","0,814814814814815","0,57516339869281","17,9535039434486","15,0837778151685","14,9696412740382","837,403409090909","376,761363636364",828,369,845,387,"0,598894677680336"
931,655,"101,911688245431","0,763171644830738","0,922535211267606","0,673868312757202","36,5820035022997","23,6391378279937","28,8785716717696","834,30534351145","721,271755725191",815,707,851,734,"0,792507118538545"
932,175,"50,6629509039023","0,802428050311936","0,961538461538462","0,657894736842105","19,4415066182936","11,6016972721459","14,9270533036046","836,805714285714","974,028571428572",828,968,847,982,"0,856775321610581"
933,515,"102,183766184074","0,779268061260059","0,83739837398374","0,621980676328502","34,8948713484712","21,8682928895162","25,6069983703403","841,805825242719","929,034951456311",828,919,864,942,"0,61980244087414"
934,248,"67,1482322781408","0,697251643986443","0,870175438596491","0,567505720823799","22,5151486858349","16,1394538765766","17,7697328931619","839,088709677419","1238,09274193548",829,1228,848,1251,"0,69118193180144"
935,534,"105,740115370178","0,895232143132008","0,875409836065574","0,610983981693364","40,0930540092908","17,8654671115741","26,0750822987882","839,696629213483","344,576779026217",821,333,859,356,"0,600166238585426"
936,270,"72,7695526217005","0,870794397801673","0,854430379746835","0,533596837944664","28,2736146867874","13,9006477355421","18,5411616971131","841,577777777778","428,092592592593",832,416,854,439,"0,640728759941247"
937,492,"90,6690475583121","0,795706405498518","0,892921960072595","0,668478260869565","32,9262633079412","19,9428621675645","25,0286606914893","842,186991869919","996,219512195122",827,986,859,1009,"0,752067565917956"
938,273,"68,5269119345812","0,583810260197291","0,898026315789474","0,6825","21,3518640920244","17,3353676726126","18,6438836005994","840,095238095238","1217,84981684982",830,1208,850,1228,"0,730550409018602"
939,291,"69,9411254969543","0,727881123515163","0,884498480243161","0,638157894736842","23,6035029817867","16,1850008224482","19,248706645329","840,298969072165","594,917525773196",830,586,854,605,"0,747545479435895"
940,1021,"127,39696961967","0,575221669705788","0,935838680109991","0,726173541963016","40,7663339371025","33,3467622522288","36,0552017769226","843,180215475025","272,591576885406",823,257,861,294,"0,790528280205319"
941,198,"56,9055915910215","0,644128440715353","0,860869565217391","0,651315789473684","18,4843460961331","14,1389970266653","15,8777022852037","844,525252525253","1040,91919191919",838,1032,854,1051,"0,76836074510533"
942,908,"151,195959492893","0,78663827431329","0,790252393385553","0,556372549019608","47,6028923592743","29,3906990446392","34,0014927116373","838,901982378855","867,430616740088",815,850,866,882,"0,499131917048856"
943,415,"80,3198051533946","0,699966984990034","0,92841163310962","0,76007326007326","27,4230913474677","19,5848918173682","22,9868312532435","842,927710843373","954,351807228916",833,942,854,968,"0,808374617066805"
944,331,"80,7695526217005","0,877340776473325","0,866492146596859","0,689583333333333","31,0896409459298","14,9189194324875","20,5290596303713","849,634441087613","677,036253776435",837,670,867,686,"0,637591477135407"
945,503,"94,1837661840736","0,736519229805537","0,912885662431942","0,683423913043478","32,2106293069001","21,7878045351378","25,3069059942496","844,222664015905","577,111332007952",827,568,859,591,"0,712567061839478"
946,198,"57,1126983722081","0,672425057971829","0,9","0,6875","19,1050268474034","14,140876251376","15,8777022852037","849,979797979798","1165,91414141414",841,1158,859,1174,"0,762798262675592"
947,371,"83,4913780286484","0,828891938229597","0,934508816120907","0,661319073083779","30,9811073587301","17,3311026840876","21,7341176746779","851,88409703504","1380,88140161725",837,1371,870,1388,"0,668806546260745"
948,610,"102,911688245431","0,427661422128832","0,876436781609195","0,67853170189099","30,0811886110138","27,1915594237603","27,8689095999189","849,624590163934","462,483606557377",834,448,865,477,"0,723786191785483"
949,398,"81,5979797464467","0,731563456233286","0,868995633187773","0,640901771336554","28,1708530911323","19,206137064739","22,5110936829954","851,846733668342","649,540201005025",841,637,864,664,"0,751162888656813"
950,708,"117,539105243401","0,827515453379415","0,889447236180904","0,536363636363636","40,9296929644802","22,979687134596","30,0242168536083","851,060734463277","1084,79378531073",835,1064,868,1104,"0,643988869165681"
951,1206,"140,982756057297","0,632445549752502","0,919908466819222","0,705263157894737","45,3951070759835","35,1632687288007","39,1857996084118","850,768656716418","1271,37893864013",831,1249,869,1294,"0,762474246151444"
952,816,"133,639610306789","0,677072950228609","0,84297520661157","0,607142857142857","39,2368169947768","28,8749977103373","32,2329562482856","848,63112745098","1341,50367647059",829,1326,871,1358,"0,574155621937433"
953,771,"129,39696961967","0,734801070413695","0,846322722283205","0,618283881315156","39,7897053719079","26,988667788723","31,3315765481217","852,10635538262","245,695201037613",830,231,873,260,"0,578650097817328"
954,388,"87,7401153701776","0,71712691977296","0,796714579055442","0,554285714285714","28,4562993387934","19,8324071095955","22,2264919264657","850,146907216495","611,414948453608",836,600,864,625,"0,633352059880008"
955,546,"90,8111831820431","0,606473392152563","0,949565217391304","0,609375","30,1131224331797","23,943057543166","26,366433043273","854,934065934066","847,869963369963",840,833,868,865,"0,832000981122264"
956,658,"106,325901807805","0,684294216684022","0,925457102672292","0,702991452991453","34,9793995126558","25,5071888303357","28,9446302521856","851,715805471125","55,2568389057751",840,37,866,73,"0,731404466031501"
957,295,"71,3553390593274","0,677979018733147","0,891238670694864","0,670454545454545","23,0586302375153","16,9499668332665","19,3805486428242","854,46779661017","1314,93898305085",845,1304,865,1326,"0,728079715677751"
958,288,"81,7401153701776","0,943926586550517","0,894409937888199","0,413793103448276","34,1193996993845","11,2647046266858","19,1492294592688","858,319444444444","432,479166666667",848,419,872,448,"0,541666352968135"
959,226,"60,0416305603426","0,380434103530362","0,922448979591837","0,784722222222222","18,0920110055977","16,7316370618975","16,9632584461284","855,371681415929","1180,97787610619",847,1173,863,1191,"0,787795230746531"
960,522,"111,639610306789","0,529884778708005","0,800613496932515","0,568627450980392","29,7081359861002","25,1945683134763","25,7804391419494","860,463601532567","154,212643678161",849,136,876,170,"0,526312571034747"
961,415,"104,846717087976","0,80185445152418","0,796545105566219","0,546772068511199","32,1422581457","19,2056229415771","22,9868312532435","860,098795180723","1024,25542168675",844,1013,877,1036,"0,47440394033507"
962,501,"96,9116882454314","0,605770935622271","0,862306368330465","0,577188940092166","29,0580818551846","23,1197460238869","25,2565439423591","861,043912175649","485,36127744511",845,471,876,499,"0,670340210473113"
963,715,"103,497474683058","0,691958067702345","0,948275862068966","0,725152129817444","35,7620765287566","25,8179910252544","30,1722765877161","864,134265734266","741,94965034965",850,726,879,760,"0,838796093882874"
964,532,"100,183766184074","0,693752118449745","0,912521440823328","0,746143057503506","31,9401181078184","23,0037156184739","26,026206750103","864,315789473684","9,18045112781955",851,0,882,23,"0,666080605505826"
965,307,"81,4974746830583","0,824182639935125","0,827493261455526","0,511666666666667","27,9430820647972","15,8248405496552","19,7708001920432","866,058631921824",540,851,529,881,549,"0,580844573151655"
966,909,"141,195959492893","0,502639983056805","0,866539561487131","0,614189189189189","38,4814009581554","33,2670108243637","34,0202108483217","867,295929592959","1240,0198019802",848,1221,885,1261,"0,572966471939584"
967,189,"50,6274169979695","0,44138551639864","0,954545454545455","0,741176470588235","16,6118274685807","14,9060846988606","15,5126488374792","863,671957671958","105,888888888889",856,97,871,114,"0,926616709634945"
968,733,"136,053823869162","0,880224172470088","0,832009080590238","0,574451410658307","46,6831397182999","22,1538628699745","30,5497068118644","863,353342428377","389,350613915416",851,368,880,412,"0,497613706103537"
969,1117,"176,066017177982","0,729710340596991","0,767697594501718","0,576367389060887","49,4451390911738","33,808430457408","37,7121806777224","864,989256938227","313,538048343778",845,287,883,338,"0,452805774827985"
970,175,"58,8700576850888","0,772310894282778","0,870646766169154","0,575657894736842","19,9449432195187","12,6699203149231","14,9270533036046","865,994285714286","1139,88571428571",855,1134,874,1150,"0,634539979135169"
971,442,"96,118795026618","0,811026787646701","0,866666666666667","0,515151515151515","32,4957580029424","19,0103114389769","23,7228134666389","868,203619909502","626,081447963801",852,614,885,640,"0,601195190925873"
972,606,"113,39696961967","0,656035220295441","0,873198847262248","0,674082313681869","33,0271222410457","24,926569089303","27,777385840095","866,879537953795","776,049504950495",852,760,881,791,"0,592215255470595"
973,181,"50,4558441227157","0,678508752355413","0,914141414141414","0,70703125","17,8505409112017","13,1128702171602","15,1807890966532","869,24861878453","890,988950276243",862,883,878,899,"0,893440193475749"
974,252,"61,2132034355964","0,768582343219234","0,940298507462687","0,763636363636364","22,7256206943818","14,5387357175482","17,9124639643255","871,230158730159","354,769841269841",864,345,879,367,"0,845123521649595"
975,211,"59,698484809835","0,837658110886018","0,894067796610169","0,599431818181818","22,5897762538748","12,3384210055358","16,3906541644658","871,658767772512","919,654028436019",864,909,880,931,"0,743987608471442"
976,325,"82,1837661840736","0,78398554352399","0,831202046035806","0,610902255639098","27,2925196814579","16,9426252890676","20,3421447256411","871,772307692308","1325,11076923077",863,1311,882,1339,"0,60467379241139"
977,193,"60,7695526217005","0,744526543513882","0,784552845528455","0,507894736842105","20,4497928141169","13,6521356601607","15,6759443777364","875,176165803109","557,082901554404",866,548,886,567,"0,656742459047187"
978,309,"70,9055915910215","0,561913339237148","0,898255813953488","0,668831168831169","22,3993220231906","18,5286319736568","19,8350956469377","876,423948220065","76,4466019417476",866,67,887,89,"0,772337947625269"
979,218,"70,2193000900063","0,805635313108714","0,784172661870504","0,545","23,311861867436","13,8102220796142","16,6603187470188","877,564220183486","901,619266055046",866,894,891,910,"0,555588649905403"
980,152,"48,2842712474619","0,78490311543035","0,91566265060241","0,615384615384615","18,1616465362415","11,2532923872287","13,9115926766041","877,25","1038,19736842105",868,1033,887,1046,"0,819298368368024"
981,286,"79,3553390593274","0,815304547833617","0,783561643835616","0,537593984962406","27,6327526479807","16,0002584647418","19,0826232419512","878,576923076923","850,590909090909",871,836,890,864,"0,570720659683985"
982,263,"82,0832611206852","0,92671809129604","0,780415430267062","0,405864197530864","32,6831909758533","12,2809489342741","18,2992349639363","874,589353612167","1111,18631178707",861,1100,888,1124,"0,490519647789087"
983,820,"119,539105243401","0,72199902471433","0,916201117318436","0,645161290322581","39,2746517837683","27,1738987900034","32,3118620120047","880,675609756097","600,303658536585",866,581,897,622,"0,721113647340208"
984,196,"55,8700576850888","0,800212536757824","0,890909090909091","0,606811145510836","20,8761019981397","12,5197430962396","15,7973083393372","884,913265306122","1254,13775510204",877,1246,896,1263,"0,789055762509466"
985,448,"88,3259018078045","0,669353562703893","0,888888888888889","0,592592592592593","28,541911862521","21,2050425693946","23,8832852857674","881,848214285714","108,073660714286",870,96,897,124,"0,721625244185525"
986,205,"61,1126983722081","0,733425134077216","0,876068376068376","0,650793650793651","20,5561874816627","13,9734843998293","16,1559310060024","881,136585365854","970,590243902439",875,959,890,980,"0,689764446385395"
987,218,"57,2132034355964","0,538358854037811","0,904564315352697","0,756944444444444","18,4318393717953","15,5328003447007","16,6603187470188","882,311926605505","60,0871559633027",874,52,892,68,"0,836900500145701"
988,791,"121,053823869162","0,842726180802747","0,898863636363636","0,567431850789096","44,5577693747305","23,987338347583","31,7353506343559","879,151706700379","1173,42351453856",863,1152,897,1193,"0,678311722247575"
989,496,"91,4913780286485","0,566577807283485","0,908424908424908","0,798711755233494","28,4334080689493","23,4293626903013","25,1301972572569","883,223790322581","138,155241935484",869,127,896,150,"0,744614008994994"
990,625,"100,325901807805","0,838687239511983","0,928677563150074","0,661375661375661","38,726067322738","21,0907337291704","28,2094791773878","888,8448","422,9632",876,406,903,441,"0,780303827077723"
991,380,"85,8406204335659","0,785023910210105","0,865603644646925","0,584615384615385","29,3238665888352","18,1651226063884","21,9961593692936","889,423684210526","159,960526315789",875,150,901,175,"0,648048880577636"
992,364,"76,7695526217005","0,726508215800235","0,91","0,728","26,2827143607492","18,0603716096727","21,5281024310922","885,837912087912","502,799450549451",873,493,898,513,"0,776127779531159"
993,1437,"187,137084989848","0,835212755779894","0,831597222222222","0,506342494714588","60,8081805107602","33,4400573675215","42,7743524297496","885,099512874043","678,76965901183",866,645,909,711,"0,515640370362959"
994,1093,"177,509667991878","0,867697844004517","0,765406162464986","0,464710884353741","57,5707399767268","28,6179539896321","37,3048364477789","884,863677950595","816,476669716377",864,791,906,847,"0,435899130336574"
995,2522,"199,580735803744","0,721052304482196","0,950263752825923","0,755315962863133","68,6632914548248","47,5754649766255","56,6666580258804","887,703013481364","201,044012688343",857,174,920,227,"0,795642012827624"
996,258,"61,9411254969543","0,725366266148797","0,948529411764706","0,659846547314578","22,4652800790559","15,4642702046052","18,1244531653143","888,906976744186","780,957364341085",880,769,897,792,"0,845028555764675"
997,239,"61,698484809835","0,621988367549303","0,895131086142322","0,739938080495356","20,297687490113","15,8936268167136","17,444318593505","888,225941422594","1356,13389121339",880,1347,897,1366,"0,788966871036521"
998,439,"87,3553390593274","0,677810209530787","0,867588932806324","0,68167701863354","28,2372994061597","20,761104877913","23,6421691081579","888,53986332574","937,699316628702",876,927,904,950,"0,722928717332682"
999,365,"74,0416305603426","0,677711266352721","0,968169761273209","0,79004329004329","25,6827270003679","18,8852312812495","21,5576537180727","889,246575342466","1377,67945205479",878,1366,899,1388,"0,836663416859236"
1000,416,"82,8050865276332","0,52996531158685","0,926503340757238","0,787878787878788","25,3071915232443","21,4609873678604","23,0145095670064","890,71875","1320,14182692308",881,1308,903,1332,"0,762411018191125"
1001,445,"87,0121933088197","0,679211950941587","0,884691848906561","0,684615384615385","28,6029834382795","20,9929360604068","23,8031846064166","891,058426966292","392,930337078652",878,380,903,406,"0,738600577645385"
1002,245,"80,6690475583121","0,867789063348812","0,763239875389408","0,496957403651116","28,5108724091409","14,1679857581167","17,6619276541411","891,302040816327","1281,72244897959",885,1266,902,1295,"0,47310995856727"
1003,223,"60,2842712474619","0,849202300119802","0,910204081632653","0,617728531855956","23,7143772608387","12,522795706992","16,8502943142232","894,739910313901","81,8206278026906",885,72,904,91,"0,771092886242946"
1004,473,"91,1482322781408","0,801512928086558","0,907869481765835","0,703869047619048","32,6578555742406","19,5286610731848","24,5406255963399","894,268498942918","958,443974630021",884,945,905,977,"0,715442118869777"
1005,283,"78,6335136523794","0,675056241839956","0,808571428571429","0,64172335600907","23,5558199990075","17,3786894766675","18,9822757107795","898,593639575972","54,2296819787986",888,45,909,66,"0,575149750063434"
1006,476,"83,9411254969543","0,412895000344822","0,931506849315068","0,762820512820513","26,1094447572661","23,7799244095849","24,6183269799948","894,563025210084","992,743697478992",881,981,907,1005,"0,848920929129002"
1007,259,"75,1126983722081","0,850976874769246","0,784848484848485","0,56304347826087","27,6067907875779","14,4991737415905","18,1595441045861","890,586872586873","19,9189189189189",881,12,904,32,"0,576876569724114"
1008,151,"50,698484809835","0,782548014727047","0,848314606741573","0,611336032388664","18,1920751497275","11,326208400015","13,8657553438321","896,139072847682","1298,60927152318",890,1290,903,1309,"0,738238773263943"
1009,168,"56,5269119345812","0,819708906893707","0,857142857142857","0,646153846153846","20,0263584106334","11,4707042057868","14,6254655828629","897,160714285714","370,011904761905",892,360,905,380,"0,660706568690843"
1010,278,"68,9411254969543","0,713084231057811","0,905537459283388","0,609649122807018","23,0701434094409","16,1739785130502","18,8138404754685","896,744604316547","1034,42446043165",885,1026,909,1045,"0,735017909982015"
1011,562,"105,740115370178","0,832642186423098","0,883647798742138","0,568825910931174","37,7389653061854","20,9002665742279","26,749964937195","899,877224199288","468,202846975089",880,455,918,481,"0,631635629372676"
1012,350,"85,0477272147525","0,795450205825724","0,881612090680101","0,607638888888889","28,4193904268612","17,222689199885","21,1100412282238","897,894285714286","1057,41714285714",881,1050,913,1068,"0,608068469130058"
1013,1195,"144,752308678997","0,835059147880139","0,940944881889764","0,541950113378685","53,7225866125516","29,5560277198685","39,0066821962407","908,867782426778","1237,24267782427",883,1216,932,1261,"0,71668245240236"
1014,352,"79,8406204335659","0,782159587079614","0,871287128712871","0,606896551724138","27,781410738465","17,3099899924213","21,1702697136049","902,5625","1106,83238636364",888,1097,917,1117,"0,693912516524955"
1015,153,"51,9411254969543","0,610652881969729","0,864406779661017","0,566666666666667","16,3216173473143","12,9250624753937","13,9572794750438","905,712418300654","1145,15032679739",899,1138,914,1156,"0,712653763295789"
1016,1367,"158,124891681028","0,750795380249271","0,87966537966538","0,649097815764482","53,1327711184753","35,0960473600602","41,7195213018195","899,43013899049","285,681053401609",882,257,921,311,"0,687033472508074"
1017,495,"103,39696961967","0,60840974407574","0,831932773109244","0,589285714285714","29,4487129662129","23,371178104552","25,104851615652","903,775757575758","33,6989898989899",889,20,919,48,"0,58183446328967"
1018,575,"100,811183182043","0,792742005966696","0,872534142640364","0,563725490196078","35,7231428436338","21,7753027920885","27,0575818990301","909,285217391304","879,114782608696",896,864,926,898,"0,710984748819765"
1019,456,"83,1126983722081","0,636412706217379","0,924949290060852","0,762541806020067","27,8156152536862","21,4555395738886","24,0955853300814","906,850877192982","1347,81578947368",896,1335,919,1361,"0,82954498401003"
1020,309,"87,840620433566","0,919148053402983","0,774436090225564","0,550802139037433","32,9329331111672","12,9726855813316","19,8350956469377","910,893203883495","663,313915857605",904,646,921,679,"0,503242781639803"
1021,402,"92,9472221513642","0,866266474660231","0,868250539956803","0,5234375","33,4829259124851","16,7274744708354","22,6239319523273","912,820895522388","1038,68407960199",898,1027,930,1051,"0,584740382391538"
1022,1895,"185,338095116624","0,562576482480094","0,902380952380952","0,650755494505495","55,6552989652099","46,0127538199488","49,1201479769059","909,541952506596","526,250659630607",882,496,934,552,"0,693249696576065"
1023,466,"81,976659402887","0,512230332051225","0,92094861660079","0,7456","26,5054208768958","22,7641307927037","24,3583584801313","914,673819742489","1072,42274678112",903,1060,928,1085,"0,871395569602575"
1024,1606,"167,78174593052","0,750279080559154","0,927787406123628","0,652845528455285","57,3892223827019","37,941234180963","45,2197159306057","914,606475716065","764,421544209215",895,739,936,799,"0,716912225206486"
1025,639,"128,024386617639","0,834200247544617","0,82133676092545","0,537426408746846","41,9760876331119","23,1482023783192","28,5236755886363","915,647887323944","1123,95774647887",901,1104,930,1145,"0,489920164325675"
1026,1727,"187,338095116624","0,57238215169187","0,858776727996022","0,628","54,9050913275869","45,0214608631568","46,8922668865307","931,471916618413","272,836132020845",906,248,961,298,"0,61837226382106"
1027,399,"118,160425586961","0,457907411776913","0,671717171717172","0,527777777777778","27,2606825985177","24,2347437979791","22,5393562097352","916,551378446115","816,734335839599",904,804,931,832,"0,359119234487544"
1028,1002,"196,764501987817","0,829375617080733","0,736764705882353","0,503770739064857","51,0738321503685","28,5345110323599","35,7181469819563","923,513972055888","594,270459081836",901,575,952,614,"0,325225121168477"
1029,227,"76,5269119345812","0,75148657038142","0,819494584837545","0,644886363636364","22,3195084633241","14,7252597138616","17,0007463558187","919,696035242291","628,559471365639",908,620,930,636,"0,487087902872416"
1030,457,"82,8700576850888","0,426080334019987","0,964135021097046","0,865530303030303","25,8263398010923","23,3647107833858","24,121991458915","918,647702407002","903,713347921225",907,892,931,914,"0,836239700389558"
1031,325,"73,5979797464467","0,789816732260301","0,912921348314607","0,622605363984674","26,4197670552877","16,2043768975491","20,3421447256411","917,981538461538","451,889230769231",902,443,931,461,"0,753982799760744"
1032,532,"88,0771644662753","0,63749481771967","0,96028880866426","0,833855799373041","29,9017939865064","23,0379760198657","26,026206750103","919,894736842105","923,819548872181",905,914,934,936,"0,861776896946874"
1033,268,"64,8700576850888","0,807033818027736","0,927335640138408","0,744444444444444","24,3973463261497","14,4067603951126","18,4723630862168","919,220149253732","564,111940298507",912,553,927,577,"0,800306031209471"
1034,197,"51,4558441227157","0,390597216364478","0,938095238095238","0,724264705882353","16,6014881422788","15,2826938858457","15,8375563239039","922,786802030457","973,690355329949",915,966,931,983,"0,934989375617968"
1035,1009,"165,237590053236","0,896346479191531","0,816343042071197","0,404246794871795","57,8831705623602","25,6627495579215","35,842693825071","918,262636273538","1174,61645193261",892,1147,940,1199,"0,464390498791357"
1036,151,"65,0121933088198","0,930262733322325","0,736585365853659","0,449404761904762","25,7985142969173","9,46532150218295","13,8657553438321","927,986754966887","473,185430463576",922,463,936,487,"0,448949172343801"
1037,352,"74,7695526217005","0,416193300854009","0,904884318766067","0,695652173913043","22,6829537449515","20,6250690933841","21,1702697136049","926,15625","161,144886363636",916,151,939,173,"0,791230396936591"
1038,452,"108,811183182043","0,643359390509476","0,788830715532286","0,597883597883598","29,8882855135559","22,8814043228999","23,9896701565547","931,546460176991","955,942477876106",919,940,946,968,"0,47973481107585"
1039,331,"68,8700576850888","0,170987384695086","0,927170868347339","0,750566893424036","20,9110659578949","20,6031132499181","20,5290596303713","926,126888217523","1012,19033232628",915,1003,936,1024,"0,876954304803879"
1040,538,"103,639610306789","0,806706447191849","0,86634460547504","0,542338709677419","35,6354885540304","21,0588765512984","26,1725595818888","923,931226765799","1356,23048327138",909,1340,940,1372,"0,62942008462592"
1041,319,"72,0416305603426","0,480305387285313","0,908831908831909","0,7975","22,0562684909781","19,3455823258881","20,1534963410947","931,109717868339","37,4827586206897",922,27,942,47,"0,772384374417107"
1042,1767,"189,823376490863","0,675738135308745","0,872592592592592","0,629946524064171","57,6244367486611","42,4773786517462","47,4322071544961","932,375778155065","95,479909451047",905,70,960,121,"0,616235942335315"
1043,176,"57,3553390593274","0,916287015817725","0,921465968586387","0,5","24,0872616555568","9,64748519381295","14,9696412740382","933,051136363636","496,693181818182",925,487,941,509,"0,672318139503901"
1044,173,"53,698484809835","0,390062330951634","0,88265306122449","0,636029411764706","16,1636930978999","14,8833419869091","14,8415107465239","931,456647398844","638,71676300578",923,630,940,646,"0,753931526240308"
1045,814,"133,953318805774","0,588505010160354","0,86046511627907","0,630030959752322","37,5086862749067","30,3255316790161","32,1934308425558","932,965601965602","340,697788697789",917,324,955,358,"0,570068852664701"
1046,664,"119,882250993909","0,603949357979322","0,879470198675497","0,560810810810811","35,2382046142531","28,0856487345866","29,0762971800769","933,326807228916","687,831325301205",920,667,952,704,"0,580588147272847"
1047,539,"121,296464556282","0,518985558252464","0,766714082503556","0,604938271604938","30,7509297867463","26,2853722539946","26,1968722295669","931,092764378479","404,066790352505",918,385,945,418,"0,46036504845923"
1048,335,"87,4974746830583","0,786423560813126","0,749440715883669","0,569727891156463","28,5551844009254","17,6381835930152","20,6527297829192","929,797014925373","428,122388059701",914,418,942,439,"0,549874567657392"
1049,368,"93,4974746830583","0,724668126664977","0,776371308016878","0,571428571428571","29,502561698104","20,3301573868559","21,646065519224","934,271739130435","1204,64130434783",922,1193,945,1221,"0,529002739103998"
1050,347,"83,3908729652601","0,612906725125468","0,822274881516588","0,513313609467456","26,2211676331701","20,7187937176838","21,0193749198948","936,579250720461","53,8731988472622",924,42,950,68,"0,62705018222759"
1051,311,"66,2842712474619","0,301096002377864","0,945288753799392","0,740476190476191","20,6010093985631","19,6449955054206","19,8991833604456","935,003215434084","558,504823151125",926,549,947,569,"0,889506818136225"
1052,469,"99,39696961967","0,723543467889877","0,824253075571177","0,526374859708193","31,5391820125843","21,7708293601643","24,4366394269096","934,850746268657","716,705756929638",918,702,951,729,"0,596535671713736"
1053,225,"65,3908729652601","0,828759932869763","0,9","0,5625","23,478628968926","13,1387417520069","16,9256875064327","935,915555555556","1079,47111111111",928,1067,944,1092,"0,661238469055915"
1054,159,"56,0416305603426","0,839464709080569","0,845744680851064","0,630952380952381","20,075403723579","10,9092596286197","14,228319915327","940,415094339623","24,2955974842767",932,19,953,31,"0,636187984861808"
1055,313,"66,8700576850888","0,713679592531914","0,960122699386503","0,815104166666667","23,9146287361962","16,7515349285328","19,9630653333126","938,591054313099","655,41214057508",931,644,947,668,"0,87961131207127"
1056,334,"74,1837661840736","0,667060381762148","0,915068493150685","0,662698412698413","24,6315478550976","18,3505931988697","20,6218817749871","939,964071856288","184,278443113772",929,172,950,196,"0,762673356644792"
1057,283,"69,3553390593274","0,544662877673255","0,87888198757764","0,709273182957393","21,3600570467904","17,9137204338363","18,9822757107795","939,374558303887","446,109540636043",930,437,949,458,"0,739326888181546"
1058,1173,"142,947222151364","0,811321384047523","0,917122752150117","0,756774193548387","51,1542539739384","29,9047966395261","38,6459569162719","940,683716965047","852,098891730605",914,838,964,869,"0,721367273418029"
1059,504,"94,3259018078045","0,415003434728633","0,896797153024911","0,620689655172414","27,5489011309671","25,0645369388443","25,3320494738685","942,335317460318","1337,65674603175",930,1326,959,1354,"0,711833575008469"
1060,275,"64,7695526217005","0,628248357819249","0,901639344262295","0,625","21,6214836717057","16,8217922178625","18,7120515925478","940,410909090909","1102,44727272727",930,1092,950,1114,"0,823760120512234"
1061,796,"136,02438661764","0,599130182940991","0,816410256410256","0,53929539295393","37,6536615146611","30,1474652618408","31,8354939903434","940,942211055276","138,355527638191",921,120,962,156,"0,540616603108531"
1062,617,"101,254833995939","0,693578734625131","0,908689248895434","0,648109243697479","33,6701043478542","24,2552976846119","28,0283570531987","943,228525121556","369,81847649919",928,353,956,387,"0,756246706143864"
1063,206,"66,698484809835","0,925460828860644","0,830645161290323","0,476851851851852","28,1741785981953","10,6735991031771","16,195287778099","940,402912621359","1143,67475728155",927,1133,951,1151,"0,581895700205336"
1064,214,"57,698484809835","0,825916064679412","0,914529914529915","0,629411764705882","22,241177122481","12,5394220889855","16,5067641460501","945,317757009346","1373,25700934579",936,1365,956,1382,"0,807783206897277"
1065,238,"61,7989898732233","0,353022397683485","0,922480620155039","0,695906432748538","18,8377763334756","17,6249036731393","17,407785949022","944,218487394958","731,609243697479",934,722,952,741,"0,783112341277772"
1066,478,"113,846717087976","0,740100686057239","0,728658536585366","0,58578431372549","33,7097834207167","22,6696971299399","24,6699919412919","951,853556485356","1122,7949790795",937,1111,971,1135,"0,463443437948304"
1067,236,"69,3553390593274","0,791601576014184","0,825174825174825","0,57843137254902","23,79230308501","14,5379917022976","17,3344896826384","953,076271186441","818,309322033898",945,809,962,833,"0,616541150568356"
1068,827,"121,39696961967","0,75682025122338","0,885438972162741","0,641085271317829","41,27204429944","26,9763599750487","32,4494854118826","950,349455864571","978,111245465538",936,955,966,998,"0,705179505575927"
1069,415,"80,1837661840736","0,717239687610685","0,930493273542601","0,721739130434783","27,741719107614","19,33116621242","22,9868312532435","947,64578313253","1008,09397590361",936,997,961,1020,"0,811119904357416"
1070,845,"149,78174593052","0,768287594180358","0,763324299909666","0,529448621553885","44,9937795396355","28,8007348736254","32,8007227862621","945,908875739645","1261,09230769231",923,1240,965,1278,"0,473313395347928"
1071,173,"49,2132034355964","0,682445540187809","0,935135135135135","0,720833333333333","17,5521437817355","12,8295015545201","14,8415107465239","953,543352601156","1231,58959537572",946,1225,962,1240,"0,897620362884379"
1072,159,"59,976659402887","0,842914937800309","0,828125","0,504761904761905","20,9940925425584","11,2958052604273","14,228319915327","951,51572327044","1291,40251572327",940,1283,961,1298,"0,555446766719126"
1073,157,"50,0771644662754","0,593732734020779","0,892045454545455","0,615686274509804","16,2497413682731","13,0755545011953","14,1385504392572","954,350318471338","802,019108280255",947,793,962,810,"0,786737872454107"
1074,531,"91,1126983722081","0,404690318524666","0,948214285714286","0,756410256410256","27,9552226556599","25,5637594919036","26,0017345239577","951,214689265537","913,651600753296",936,901,963,927,"0,803797345310873"
1075,573,"125,882250993909","0,843686762372533","0,743190661478599","0,469287469287469","40,1170346272048","21,5362592880187","27,0104842447011","951,823734729494","1314,75218150087",934,1296,971,1329,"0,454397031443336"
1076,421,"106,568542494924","0,857106563515717","0,725862068965517","0,487268518518519","35,9009106456191","18,4939644170385","23,1524048067043","960,622327790974","584,855106888361",949,565,973,601,"0,465836922128474"
1077,200,"65,3553390593274","0,72367775162755","0,775193798449612","0,529100529100529","21,0943603730365","14,5580204853706","15,9576912160573","958,385","664,745",948,658,969,676,"0,588406843954326"
1078,537,"97,4974746830583","0,65928431703781","0,89351081530782","0,625874125874126","31,1952306361059","23,4554984891114","26,1482243282939","961,459962756052","179,03165735568",949,161,975,194,"0,709900391475435"
1079,571,"95,9411254969543","0,747607211639259","0,933006535947712","0,761333333333333","33,5679433900472","22,2938522730202","26,963304323539","963,866900175131","734,565674255692",952,721,977,751,"0,77953631976386"
1080,1205,"159,817279836453","0,410400823567495","0,845021037868163","0,557354301572618","43,5960795907846","39,7554933571714","39,1695500536561","961,867219917012","1162,99087136929",944,1138,990,1185,"0,592856303634972"
1081,374,"134,911688245431","0,962604040788421","0,625418060200669","0,389583333333333","54,5359197117868","14,7744500694929","21,8218145380019","949,711229946524","6,54545454545455",921,0,969,20,"0,258215502400897"
1082,803,"141,78174593052","0,791699877339662","0,859743040685225","0,615325670498084","42,942759753554","26,2341710657205","31,9751677778606","963,551681195517","234,985056039851",947,214,976,259,"0,501978098607561"
1083,151,"53,9411254969543","0,577250698864201","0,82967032967033","0,524305555555556","16,2736729663048","13,2885439660244","13,8657553438321","961,973509933775","1362,30463576159",953,1353,969,1371,"0,652148956248857"
1084,184,"55,4558441227157","0,690879566340827","0,884615384615385","0,638888888888889","18,6789928125524","13,5043489005891","15,3060797146516","964,45652173913","395,989130434783",958,387,974,405,"0,751853189497194"
1085,1118,"153,089357775095","0,656860645596473","0,90088638195004","0,717586649550706","44,5104106451309","33,5613836369117","37,7290579131511","969,886404293381","1207,29606440072",950,1190,991,1228,"0,599462009623791"
1086,247,"59,3553390593274","0,489483450741648","0,928571428571429","0,653439153439154","19,2801087370672","16,8124974926271","17,7338706307897","965,097165991903","1280,57489878543",957,1270,975,1291,"0,881022981070855"
1087,401,"85,9411254969543","0,783488727568501","0,913439635535307","0,707231040564374","29,9521767580661","18,6124622767057","22,5957752121674","962,668329177057","298,02493765586",948,286,975,307,"0,682263539061974"
1088,255,"62,6629509039023","0,567437140094594","0,930656934306569","0,745614035087719","20,0791692508193","16,5335236514964","18,0187703217358","965,439215686275","315,203921568627",956,307,975,325,"0,816071778117981"
1089,635,"110,846717087976","0,771497803603163","0,852348993288591","0,581501831501832","36,86905936951","23,4572748363938","28,4342594576829","964,667716535433","417,933858267717",945,404,984,432,"0,649438332316027"
1090,220,"68,7695526217005","0,610081433062718","0,827067669172932","0,551378446115288","20,2877957865986","16,0748061172771","16,736567743768","966,736363636364","450,763636363636",957,441,976,462,"0,584574876689545"
1091,408,"88,4264068711929","0,79659250829565","0,839506172839506","0,639498432601881","30,5608009851329","18,4745129216308","22,792141940852","966,022058823529","1056,55882352941",954,1041,976,1070,"0,655701339262142"
1092,352,"80,420310216783","0,358362536648419","0,884422110552764","0,842105263157895","22,744755257432","21,2341055728247","21,1702697136049","972,6875","850,213068181818",964,840,983,862,"0,683944780232821"
1093,359,"89,0121933088198","0,874901239656504","0,879901960784314","0,59046052631579","32,0799572761582","15,5363673863478","21,3797333135828","966,871866295265","1082,72980501393",957,1070,976,1102,"0,569384063833011"
1094,315,"88,5685424949238","0,804430809693625","0,76271186440678","0,489130434782609","28,7317132260368","17,0679695275738","20,0267435343736","973,533333333333","618,692063492064",963,607,986,635,"0,504616470984882"
1095,468,"85,0771644662754","0,677445415746147","0,941649899396378","0,787878787878788","28,8325667692437","21,2084590150306","24,4105736707693","972,166666666667","912,713675213675",963,900,985,927,"0,812511849438268"
1096,174,"56,2842712474619","0,834228641996983","0,892307692307692","0,669230769230769","20,5326597455434","11,322092361269","14,8843434784312","970,189655172414","988,183908045977",965,978,978,998,"0,690215992219359"
1097,260,"66,7695526217005","0,767362298981047","0,893470790378007","0,601851851851852","23,3091657803528","14,9461581249174","18,1945673658689","973,4","200,369230769231",965,190,983,214,"0,732868878002631"
1098,588,"110,154328932551","0,695453171705039","0,850940665701881","0,691764705882353","33,4395915235616","24,0287347728581","27,3617406665635","968,423469387755","532,746598639456",950,521,984,546,"0,608953389232032"
1099,1285,"188,066017177982","0,621318666668479","0,762611275964392","0,498835403726708","50,9318474221768","39,9080556926892","40,4488913937661","973,729961089494","1022,10972762646",950,996,996,1052,"0,456554194542969"
1100,1074,"163,195959492893","0,81541552286211","0,803892215568862","0,585924713584288","52,0998318468857","30,1593468367626","36,9791734770474","974,265363128492","124,707635009311",949,107,996,146,"0,506751848252147"
1101,423,"85,8406204335659","0,73171707254012","0,9","0,640909090909091","28,722554533703","19,5775368584883","23,2073334836851","970,921985815603","713,167848699764",955,702,985,724,"0,721380727590368"
1102,201,"61,0121933088198","0,583768075946228","0,85531914893617","0,558333333333333","18,6419194039107","15,1357557793068","15,9975357005936","971,233830845771","823,293532338308",961,815,981,833,"0,678535612497436"
1103,201,"65,0121933088198","0,876524717899406","0,817073170731707","0,45578231292517","24,8285404347855","11,9513880619993","15,9975357005936","970,880597014925","1343,43781094527",961,1333,982,1354,"0,597607838682808"
1104,159,"51,4913780286485","0,795413162452179","0,864130434782609","0,584558823529412","18,6445101305342","11,2998329731425","14,228319915327","974,88679245283","1356,27044025157",968,1348,984,1365,"0,753594914302777"
1105,597,"120,503571337468","0,610211969876324","0,816689466484268","0,565340909090909","33,7381867358911","26,7286800387758","27,5703465376642","973,683417085427","764,50418760469",959,749,991,782,"0,516635635464559"
1106,247,"63,698484809835","0,770899135467226","0,901459854014598","0,69187675070028","22,6150724432042","14,4048340787345","17,7338706307897","979,105263157895","891,461538461538",971,881,988,902,"0,764977415125225"
1107,278,"76,6690475583121","0,727365254348602","0,822485207100592","0,665071770334928","23,8817579329932","16,3888689838831","18,8138404754685","983,838129496403","558,089928057554",974,549,996,568,"0,594312033215136"
1108,450,"94,4680374315355","0,737081787813807","0,885826771653543","0,580645161290323","30,1559500293479","20,379498080792","23,936536824086","983,855555555556","811,151111111111",969,800,1000,825,"0,633654599737748"
1109,510,"116,219300090006","0,952894045762257","0,816","0,666666666666667","50,4418519632618","15,2991839636975","25,4823893662846","993,090196078432","1381,09803921569",972,1371,1017,1388,"0,474486137653062"
1110,568,"127,053823869162","0,919397729585327","0,770691994572592","0,373438527284681","47,4831783082385","18,6765178369457","26,8923792441199","988,114436619718","317,531690140845",972,301,1011,340,"0,442163326739353"
1111,719,"113,982756057297","0,658677912387841","0,881127450980392","0,604201680672269","35,7974627106247","26,9349065248741","30,2565568540867","982,71488178025","588,913769123783",967,571,1001,606,"0,695441249224135"
1112,950,"176,379725676967","0,858520159439587","0,767366720516963","0,557184750733138","51,8748944643113","26,6003986431232","34,7789816915102","989,729473684211","29,2063157894737",967,14,1022,45,"0,383739180443349"
1113,465,"84,4264068711929","0,502475910656375","0,91897233201581","0,715384615384615","26,569637975781","22,971875428316","24,3322088660658","985,8","498,141935483871",974,485,999,511,"0,819796772367821"
1114,842,"136,267027304759","0,834410953420062","0,860940695296523","0,590462833099579","45,0076445740688","24,8056382238594","32,7424448791932","986,580760095012","664,476247030879",970,641,1001,687,"0,569823547227376"
1115,708,"124,367532368147","0,890447515501928","0,830985915492958","0,479674796747968","47,539608236541","21,6346077899619","30,0242168536083","991,350282485876","922,33615819209",977,905,1013,946,"0,575213522195311"
1116,182,"75,0832611206852","0,96594115985065","0,761506276150628","0,304347826086957","32,5542949031893","8,42380835997935","15,2226672151039","986,978021978022","75,8571428571429",974,66,1000,89,"0,405690649010582"
1117,150,"48,2842712474619","0,758645384119689","0,872093023255814","0,588235294117647","17,6603760011985","11,5058017996073","13,8197659788534","988,806666666667","842,66",982,835,997,852,"0,808518126678971"
1118,1898,"174,267027304759","0,473432303510569","0,940535183349851","0,704267161410019","53,3497439521682","46,9920660217775","49,1590139842871","989,978398314015","365,321390937829",964,341,1013,396,"0,785372384168651"
1119,965,"128,325901807805","0,739504529353272","0,930568948891032","0,731060606060606","43,8004248127031","29,4843252131988","35,0524772401243","988,223834196891","1087,68082901554",975,1065,1005,1109,"0,736391094052781"
1120,697,"105,148232278141","0,550782500820701","0,931818181818182","0,801149425287356","33,0786378229766","27,6090457103349","29,7900648317591","991,428981348637","1239,29555236729",978,1224,1007,1254,"0,792207027137682"
1121,1059,"156,509667991878","0,616846339871825","0,877381938690969","0,6504914004914","42,6991441308262","33,6077960684992","36,7200310167971","1000,26628895184","468,236071765817",983,448,1020,492,"0,543279707710645"
1122,412,"103,982756057297","0,610321508847506","0,764378478664193","0,49047619047619","28,8182643086452","22,8284978176681","22,9035956223229","992,674757281553","1179,04611650485",976,1166,1004,1196,"0,478833395124276"
1123,359,"76,1837661840736","0,783035517750556","0,893034825870647","0,627622377622378","27,4629168976703","17,0813024295124","21,3797333135828","992,994428969359","1118,27298050139",980,1109,1006,1131,"0,777283476813585"
1124,205,"57,698484809835","0,644936789420871","0,903083700440529","0,640625","18,9867060747058","14,5103227379818","16,1559310060024","994,341463414634","1341,34634146341",986,1332,1002,1352,"0,773811015952999"
1125,658,"118,953318805774","0,61577272305001","0,823529411764706","0,537142857142857","33,7961259106664","26,6287727879546","28,9446302521856","993,604863221884","788,924012158055",975,771,1010,806,"0,584362893523291"
1126,659,"109,976659402887","0,793316649161593","0,921678321678322","0,732222222222222","37,9609474218214","23,1109756572312","28,9666163018823","1000,73292867982","1263,80728376328",982,1252,1018,1277,"0,684690388430203"
1127,1194,"163,331998462214","0,5799118124013","0,829166666666667","0,646103896103896","44,5304828358194","36,2780606172803","38,9903579928908","999,463149078727","269,367671691792",981,250,1023,294,"0,562434093699901"
1128,163,"49,9705627484771","0,548685238183848","0,936781609195402","0,696581196581197","16,4515865682794","13,7540036693661","14,4061808190732","998,981595092025","4,87730061349693",991,0,1009,13,"0,820292966540827"
1129,168,"50,2842712474619","0,778900291101873","0,893617021276596","0,65625","18,7495378585638","11,758731022536","14,6254655828629","1000,125","548,589285714286",993,541,1009,557,"0,8349391489276"
1130,415,"110,468037431535","0,815028362876544","0,717993079584775","0,474285714285714","34,1635826288782","19,7950993467559","22,9868312532435","999,024096385542","1317,9734939759",985,1298,1010,1333,"0,427350959985167"
1131,302,"81,7695526217005","0,885128291183324","0,794736842105263","0,629166666666667","30,3404859114651","14,1188566316859","19,6091392597946","1006,14900662252","86,2185430463576",999,70,1015,100,"0,567588468801165"
1132,228,"60,6274169979695","0,802140334069519","0,890625","0,7125","22,5454257930755","13,4626755968827","17,0381517835597","1010,61842105263","46,2280701754386",1001,39,1021,55,"0,779482877275333"
1133,926,"126,124891681028","0,741600197640522","0,924151696606786","0,624831309041835","42,3561407047261","28,4142831273047","34,3368580162012","1004,85637149028","617,403887688985",985,599,1024,637,"0,731508266315181"
1134,181,"51,2132034355964","0,805745103728702","0,947643979057592","0,718253968253968","19,9724450621077","11,8289295507886","15,1807890966532","1007,07182320442","733,397790055249",1000,724,1014,742,"0,867210553652703"
1135,658,"110,710678118655","0,572444171641158","0,876165113182423","0,569204152249135","33,0425087334423","27,0929968517468","28,9446302521856","1007,37841945289","949,042553191489",993,932,1027,966,"0,674616153210012"
1136,369,"79,6690475583121","0,745061299177777","0,893462469733656","0,621212121212121","27,2355396405476","18,165995925639","21,6754559815307","1007,0216802168","1352,25474254743",997,1341,1019,1368,"0,730561833473009"
1137,740,"136,852813742386","0,699870738138732","0,79144385026738","0,537790697674419","39,142188814886","27,958072490432","30,6952319278422","1009,13378378378","511,013513513514",990,494,1033,526,"0,496516998742532"
1138,330,"102,325901807805","0,910286486614945","0,723684210526316","0,380184331797235","35,9798636475693","14,8949036206157","20,4980255088778","1014,08484848485","1170,85757575758",1003,1157,1034,1185,"0,396052393527012"
1139,402,"81,8761543394987","0,580472241170386","0,899328859060403","0,652597402597403","25,6094704992035","20,8532805632162","22,6239319523273","1008,2263681592","1286,35074626866",994,1276,1022,1298,"0,753565565780912"
1140,419,"81,1126983722081","0,452872904911859","0,918859649122807","0,759057971014493","24,7898220082109","22,1019876613798","23,0973455021142","1010,56563245823","647,494033412888",999,637,1022,661,"0,800287785375382"
1141,625,"103,740115370178","0,548687069942364","0,89541547277937","0,650364203954214","31,7836887773917","26,5720477257946","28,2094791773878","1012,312","217,7664",995,203,1026,234,"0,72978751295326"
1142,269,"65,3553390593274","0,682979724310506","0,911864406779661","0,687979539641944","21,9955759983851","16,0663898510971","18,5067943613625","1013,60223048327","1191,81040892193",1005,1181,1022,1204,"0,791407205118568"
1143,178,"49,2132034355964","0,636887911284398","0,941798941798942","0,747899159663866","17,2687018357829","13,3134163988792","15,054455784347","1012,73033707865","428,685393258427",1006,421,1020,438,"0,923563147938841"
1144,315,"79,2842712474619","0,602606771044515","0,828947368421053","0,652173913043478","23,8430968525026","19,0277037502692","20,0267435343736","1014,49523809524","800,396825396826",1005,791,1026,814,"0,629718337884324"
1145,1050,"154,610173055266","0,754437141862029","0,818394388152767","0,554968287526427","47,7509808930134","31,3424212568259","36,5636639571573","1009,12095238095","984,481904761905",988,963,1031,1007,"0,551979603973702"
1146,305,"78,6690475583121","0,892471928904089","0,88150289017341","0,552536231884058","29,9975283148812","13,5319730041642","19,7062949623775","1016,32131147541","1046,0393442623",1005,1035,1029,1058,"0,619301196285799"
1147,557,"115,497474683058","0,924750036041323","0,807246376811594","0,550395256916996","46,0387006833011","17,5211809450752","26,630704579817","1019,17594254937","871,687612208259",1005,849,1028,893,"0,524710895074314"
1148,259,"96,2609306503489","0,853931181762473","0,613744075829384","0,372126436781609","31,8867134128556","16,5933976473253","18,1595441045861","1024,49420849421","836,254826254826",1011,825,1040,849,"0,351244486530484"
1149,788,"126,01828996323","0,716235221732817","0,832101372756072","0,610852713178295","39,168264873059","27,3339240027148","31,6751126478077","1021,1230964467","1020,8807106599",997,1006,1040,1036,"0,623546602741661"
1150,325,"96,2253967444162","0,740962450273582","0,727069351230425","0,464285714285714","28,2319062757207","18,9590367047657","20,3421447256411","1019,53230769231","1136,14461538462",1007,1126,1035,1151,"0,44107638266764"
1151,503,"118,118795026618","0,517172666202533","0,8048","0,642401021711367","29,1881121607005","24,9815531337153","25,3069059942496","1026,1351888668","286,143141153081",1013,271,1040,300,"0,45304342641227"
1152,209,"61,8345237791561","0,784624862249938","0,853061224489796","0,746428571428571","21,666653088805","13,4326928199527","16,312788383647","1019,99043062201","339,181818181818",1010,333,1030,347,"0,686900937840402"
1153,218,"60,2842712474619","0,814825471792013","0,931623931623932","0,677018633540373","22,6118236298625","13,1082177099342","16,6603187470188","1021,13302752294","5,71559633027523",1009,0,1032,14,"0,753803808076064"
1154,377,"78,7695526217005","0,811019900492251","0,921760391198044","0,630434782608696","29,2537338568278","17,1139773920844","21,9091603756318","1026,84350132626","1260,90716180371",1017,1249,1040,1275,"0,763544681668095"
1155,780,"115,39696961967","0,70374747808076","0,917647058823529","0,707803992740472","38,2436234099431","27,1701899114866","31,5139150994196","1025,00897435897","115,460256410256",1011,99,1040,137,"0,736064137126023"
1156,371,"110,982756057297","0,783870793783084","0,654320987654321","0,460869565217391","33,559605285615","20,8379634032277","21,7341176746779","1029,97035040431","470,743935309973",1017,457,1040,492,"0,378505995057274"
1157,180,"62,0416305603426","0,776302961715522","0,759493670886076","0,592105263157895","21,1613408592684","13,3392625224484","15,138795132121","1029,94444444444","155,722222222222",1021,150,1040,166,"0,587646241125781"
1158,452,"112,083261120685","0,906019745853081","0,797178130511464","0,503901895206243","40,617316952516","17,1906871700045","23,9896701565547","1031,55530973451","185,597345132743",1017,169,1040,208,"0,452133599304304"
1159,238,"57,556349186104","0,591921580125209","0,955823293172691","0,835087719298246","19,6889285160523","15,8691889680558","17,407785949022","1028,3487394958","647,428571428571",1022,639,1037,658,"0,902818279291867"
1160,494,"108,083261120685","0,66193768158518","0,817880794701987","0,633333333333333","30,733490976079","23,0365608922816","25,0794803594327","1028,60526315789","80,6255060728745",1014,68,1040,98,"0,531398021600105"
1161,685,"115,976659402887","0,873374908639553","0,915775401069519","0,663759689922481","44,3421369576931","21,5967725487267","29,5325090052232","1029,74890510949","927,094890510949",1016,903,1040,946,"0,639969453674321"
1162,318,"79,2842712474619","0,551684057101094","0,866485013623978","0,643724696356275","23,4827408263691","19,5858545779028","20,1218829940386","1031,7106918239","32,8584905660377",1021,20,1040,46,"0,635715655387985"
1163,454,"108,7695526217","0,902787526110994","0,856603773584906","0,667647058823529","40,3798412445394","17,3668379805611","24,0426860668637","1033,01321585903","324,151982378855",1023,306,1040,346,"0,482226455271365"
1164,1002,"240,373629022557","0,981104054424086","0,642719692110327","0,513056835637481","97,1478253080754","18,7962425800483","35,7181469819563","1031,65269461078","413,874251497006",1019,358,1040,451,"0,217923439641196"
1165,451,"139,01219330882","0,979796542706737","0,763113367174281","0,555418719211823","61,1104384771016","12,2218944168413","23,9631182168673","1035,0022172949","536,609756097561",1026,512,1040,570,"0,293278762215426"
1166,435,"83,3553390593274","0,644377271472751","0,949781659388646","0,669230769230769","27,8523740235565","21,2989260731978","23,534213434058","1029,36781609195","668,23908045977",1015,657,1040,683,"0,786741892585758"
1167,698,"122,325901807805","0,723110088280596","0,883544303797468","0,542346542346542","39,3825945089812","27,2028497545304","29,8114273765136","1027,36532951289","708,515759312321",1007,693,1040,732,"0,586176541732982"
1168,535,"120,497474683058","0,844297937836994","0,744089012517385","0,424603174603175","40,3856804218705","21,6416379299885","26,0994857503613","1028,86168224299","776,41308411215",1012,748,1040,793,"0,463028534325212"
1169,165,"54,0416305603426","0,667367876901021","0,850515463917526","0,733333333333333","17,6720976323318","13,1609097566345","14,4942928382623","1032,31515151515","1147,50909090909",1025,1140,1040,1155,"0,709964968129696"
1170,584,"106,526911934581","0,674899324648621","0,908242612752722","0,687058823529412","33,4369043698846","24,6734200653727","27,2685147033229","1028,7448630137","1214,41095890411",1015,1202,1040,1236,"0,646701749603251"
1171,247,"81,7695526217005","0,937165841491093","0,786624203821656","0,468690702087287","32,3531121935148","11,2874896898419","17,7338706307897","1032,11336032389","1288,11336032389",1023,1275,1040,1306,"0,464219707926781"
1172,417,"100,041630560343","0,955089503495365","0,889125799573561","0,726480836236934","44,3241306434694","13,1340140492212","23,0421546335095","1033,76498800959","1333,11990407674",1026,1311,1040,1352,"0,523581623948858"
1173,437,"98,5269119345812","0,846038198292327","0,845261121856866","0,601928374655647","35,213843223768","18,7732844397892","23,5882530308895","1031,11670480549","1367,90160183066",1018,1355,1040,1388,"0,565693981977475"
